category,title,price,original_price,sale_price,discount,variant,product_url,image_url,brand
men,Slogan Print T-Shirt,"PKR 2,490-0%","PKR 2,490","PKR 2,490-0%",-0%,"Sizes: s, m, l, xl",https://outfitters.com.pk/collections/men-new-arrivals-view-all/products/f1541-106?variant=44496242180287,https://outfitters.com.pk/cdn/shop/files/F1541106413_6.jpg,Outfitters
men,Slogan Print T-Shirt,"PKR 3,290-0%","PKR 3,290","PKR 3,290-0%",-0%,"Sizes: S, M, L, XL",https://outfitters.com.pk/collections/men-new-arrivals-view-all/products/f1494-106?variant=44576974405823,https://outfitters.com.pk/cdn/shop/files/F1494106805_4.jpg,Outfitters
men,Slogan Print T-Shirt,"PKR 3,290-0%","PKR 3,290","PKR 3,290-0%",-0%,"Sizes: S, M, L, XL",https://outfitters.com.pk/collections/men-new-arrivals-view-all/products/f1494-106?variant=44576974536895,https://outfitters.com.pk/cdn/shop/files/F1494106901_3.jpg,Outfitters
men,Graphic T-Shirt,"PKR 3,290-0%","PKR 3,290","PKR 3,290-0%",-0%,"Sizes: s, m, l, xl",https://outfitters.com.pk/collections/men-new-arrivals-view-all/products/f1544-106?variant=44525736427711,https://outfitters.com.pk/cdn/shop/files/F1544106605_3.jpg,Outfitters
men,Basic Crew Neck T-Shirt,"PKR 3,290-0%","PKR 3,290","PKR 3,290-0%",-0%,"Sizes: S, M, L, XL",https://outfitters.com.pk/collections/men-new-arrivals-view-all/products/f1550-106?variant=44576974667967,https://outfitters.com.pk/cdn/shop/files/F1550106619_4.jpg,Outfitters
men,Basic Crew Neck T-Shirt,"PKR 3,290-0%","PKR 3,290","PKR 3,290-0%",-0%,"Sizes: S, M, L, XL",https://outfitters.com.pk/collections/men-new-arrivals-view-all/products/f1550-106?variant=44576974799039,https://outfitters.com.pk/cdn/shop/files/F1550106903_3.jpg,Outfitters
men,Varsity Mesh T Shirt,"PKR 3,290-0%","PKR 3,290","PKR 3,290-0%",-0%,"Sizes: s-m, l-xl",https://outfitters.com.pk/collections/men-new-arrivals-view-all/products/f1585-106?variant=44525736657087,https://outfitters.com.pk/cdn/shop/files/F1585106901_3.jpg,Outfitters
men,Slogan Print T-Shirt,"PKR 2,890-0%","PKR 2,890","PKR 2,890-0%",-0%,"Sizes: s, m, l, xl",https://outfitters.com.pk/collections/men-new-arrivals-view-all/products/f1536-106?variant=44496239952063,https://outfitters.com.pk/cdn/shop/files/F1536106001_4.jpg,Outfitters
men,Cropped Slogan Mesh T-Shirt,"PKR 3,690-0%","PKR 3,690","PKR 3,690-0%",-0%,"Sizes: s, m, l, xl",https://outfitters.com.pk/collections/men-new-arrivals-view-all/products/f1587-106?variant=44525736820927,https://outfitters.com.pk/cdn/shop/files/F1587106001_4.jpg,Outfitters
men,Slogan Print T-Shirt,"PKR 2,890-0%","PKR 2,890","PKR 2,890-0%",-0%,"Sizes: s, m, l, xl",https://outfitters.com.pk/collections/men-new-arrivals-view-all/products/f1570-106?variant=44546374467775,https://outfitters.com.pk/cdn/shop/files/F1570106618.jpg,Outfitters
men,Cropped Graphic T-Shirt,"PKR 3,090-0%","PKR 3,090","PKR 3,090-0%",-0%,"Sizes: s, m, l, xl",https://outfitters.com.pk/collections/men-new-arrivals-view-all/products/f1558-106?variant=44496243720383,https://outfitters.com.pk/cdn/shop/files/F1558106814_2.jpg,Outfitters
men,Graphic T-Shirt,"PKR 2,890-0%","PKR 2,890","PKR 2,890-0%",-0%,"Sizes: s, m, l, xl",https://outfitters.com.pk/collections/men-new-arrivals-view-all/products/f1576-106?variant=44546374598847,https://outfitters.com.pk/cdn/shop/files/F1576106003_4.jpg,Outfitters
men,Slogan Print Mesh T-Shirt,"PKR 3,290-0%","PKR 3,290","PKR 3,290-0%",-0%,"Sizes: s, m, l, xl",https://outfitters.com.pk/collections/men-new-arrivals-view-all/products/f1588-106?variant=44525736951999,https://outfitters.com.pk/cdn/shop/files/F1588106618_4.jpg,Outfitters
men,Slogan Print T-Shirt,"PKR 3,090-0%","PKR 3,090","PKR 3,090-0%",-0%,"Sizes: s, m, l, xl",https://outfitters.com.pk/collections/men-new-arrivals-view-all/products/f1521-106?variant=44496236937407,https://outfitters.com.pk/cdn/shop/files/F1521106203_4.jpg,Outfitters
men,Slogan Print Pull-Over,"PKR 6,490-0%","PKR 6,490","PKR 6,490-0%",-0%,"Sizes: s, m, l, xl",https://outfitters.com.pk/collections/men-new-arrivals-view-all/products/f0586-107?variant=44616599732415,https://outfitters.com.pk/cdn/shop/files/F0586107802_5.jpg,Outfitters
men,Graphic T-Shirt,"PKR 3,090-0%","PKR 3,090","PKR 3,090-0%",-0%,"Sizes: s, m, l, xl",https://outfitters.com.pk/collections/men-new-arrivals-view-all/products/f1538-106?variant=44496240378047,https://outfitters.com.pk/cdn/shop/files/F1538106120_4.jpg,Outfitters
men,Slogan Print Pull Over,"PKR 6,990-0%","PKR 6,990","PKR 6,990-0%",-0%,"Sizes: s, m, l, xl",https://outfitters.com.pk/collections/men-new-arrivals-view-all/products/f0588-107?variant=44525730726079,https://outfitters.com.pk/cdn/shop/files/F0588107901_4_copy.jpg,Outfitters
men,Slogan Print Sweatshirt,"PKR 4,990-0%","PKR 4,990","PKR 4,990-0%",-0%,"Sizes: s, m, l, xl",https://outfitters.com.pk/collections/men-new-arrivals-view-all/products/f0578-107?variant=44588346310847,https://outfitters.com.pk/cdn/shop/files/F0578107903_3.jpg,Outfitters
men,Graphic T-Shirt,"PKR 3,090-0%","PKR 3,090","PKR 3,090-0%",-0%,"Sizes: s, m, l, xl",https://outfitters.com.pk/collections/men-new-arrivals-view-all/products/f1559-106?variant=44496244375743,https://outfitters.com.pk/cdn/shop/files/F1559106903_4.jpg,Outfitters
men,Slogan Print T-Shirt,"PKR 2,890-0%","PKR 2,890","PKR 2,890-0%",-0%,"Sizes: s, m, l, xl",https://outfitters.com.pk/collections/men-new-arrivals-view-all/products/f1528-106?variant=44496237920447,https://outfitters.com.pk/cdn/shop/files/F1528106808_3.jpg,Outfitters
men,Mock Neck Basic T-shirt,"PKR 2,890-0%","PKR 2,890","PKR 2,890-0%",-0%,"Sizes: S, M, L, XL",https://outfitters.com.pk/collections/men-new-arrivals-view-all/products/f1488-106?variant=44525735248063,https://outfitters.com.pk/cdn/shop/files/F1488106808_4.jpg,Outfitters
men,Mock Neck Basic T-shirt,"PKR 2,890-0%","PKR 2,890","PKR 2,890-0%",-0%,"Sizes: S, M, L, XL",https://outfitters.com.pk/collections/men-new-arrivals-view-all/products/f1488-106?variant=44525735379135,https://outfitters.com.pk/cdn/shop/files/F1488106901_3.jpg,Outfitters
men,Basic T-Shirt,"PKR 3,290-0%","PKR 3,290","PKR 3,290-0%",-0%,"Sizes: s, m, l, xl",https://outfitters.com.pk/collections/men-new-arrivals-view-all/products/f0863-103?variant=44486867910847,https://outfitters.com.pk/cdn/shop/files/F0863103002_3.jpg,Outfitters
men,Striped Crew Neck T-shirt,"PKR 2,290-0%","PKR 2,290","PKR 2,290-0%",-0%,"Sizes: S, M, L, XL, XXL",https://outfitters.com.pk/collections/men-new-arrivals-view-all/products/f1477-106?variant=44047945531583,https://outfitters.com.pk/cdn/shop/files/F1477106901_8.jpg,Outfitters
men,Striped Crew Neck T-shirt,"PKR 2,290-0%","PKR 2,290","PKR 2,290-0%",-0%,"Sizes: S, M, L, XL, XXL",https://outfitters.com.pk/collections/men-new-arrivals-view-all/products/f1477-106?variant=44047945334975,https://outfitters.com.pk/cdn/shop/files/F1477106002_5.jpg,Outfitters
men,Ribbed Tank top,"PKR 2,090-0%","PKR 2,090","PKR 2,090-0%",-0%,"Sizes: S, M, L, XL",https://outfitters.com.pk/collections/men-new-arrivals-view-all/products/f1148-106?variant=43977612394687,https://outfitters.com.pk/cdn/shop/files/F1148106002_5.jpg,Outfitters
men,Ribbed Tank top,"PKR 2,090-0%","PKR 2,090","PKR 2,090-0%",-0%,"Sizes: S, M, L, XL
                                  - Sold Out",https://outfitters.com.pk/collections/men-new-arrivals-view-all/products/f1148-106?variant=43977612525759,https://outfitters.com.pk/cdn/shop/files/F1148106901_2.jpg,Outfitters
men,Ribbed Tank top,"PKR 2,090-0%","PKR 2,090","PKR 2,090-0%",-0%,"Sizes: S, M, L, XL",https://outfitters.com.pk/collections/men-new-arrivals-view-all/products/f1148-106?variant=44009201172671,https://outfitters.com.pk/cdn/shop/files/F1148106915_2_83c362c3-e841-4286-8f0b-34f8817ef03e.jpg,Outfitters
men,Relaxed Fit Jeans,"PKR 6,490-0%","PKR 6,490","PKR 6,490-0%",-0%,"Sizes: 30, 32, 34, 36, 38",https://outfitters.com.pk/collections/men-new-arrivals-view-all/products/f0600-109?variant=44576970375359,https://outfitters.com.pk/cdn/shop/files/F0600109901_4.jpg,Outfitters
men,Straight Fit Cargo Jeans,"PKR 6,990-0%","PKR 6,990","PKR 6,990-0%",-0%,"Sizes: 30, 32, 34, 36, 38",https://outfitters.com.pk/collections/men-new-arrivals-view-all/products/f0593-109?variant=44525731315903,https://outfitters.com.pk/cdn/shop/files/F0539109903_4_copy2.jpg,Outfitters
men,Cargo Straight Trousers,"PKR 5,990-0%","PKR 5,990","PKR 5,990-0%",-0%,"Sizes: 30, 32, 34, 36, 38",https://outfitters.com.pk/collections/men-new-arrivals-view-all/products/f0559-108?variant=44525729513663,https://outfitters.com.pk/cdn/shop/files/F0559108007LOPWER._1.jpg,Outfitters
men,Straight Trousers,"PKR 4,990-0%","PKR 4,990","PKR 4,990-0%",-0%,"Sizes: S, M, L, XL",https://outfitters.com.pk/collections/men-new-arrivals-view-all/products/f0555-108?variant=44494077362367,https://outfitters.com.pk/cdn/shop/files/F0555108814_4.jpg,Outfitters
men,Straight Trousers,"PKR 4,990-0%","PKR 4,990","PKR 4,990-0%",-0%,"Sizes: S, M, L, XL",https://outfitters.com.pk/collections/men-new-arrivals-view-all/products/f0555-108?variant=44494077231295,https://outfitters.com.pk/cdn/shop/files/F0555108801_4_copy.jpg,Outfitters
men,Straight Trousers,"PKR 4,990-0%","PKR 4,990","PKR 4,990-0%",-0%,"Sizes: S, M, L, XL",https://outfitters.com.pk/collections/men-new-arrivals-view-all/products/f0555-108?variant=44494077493439,https://outfitters.com.pk/cdn/shop/files/F0555108901_4.jpg,Outfitters
men,Graphic T-shirt,"PKR 2,890-0%","PKR 2,890","PKR 2,890-0%",-0%,"Sizes: s, m, l, xl",https://outfitters.com.pk/collections/men-new-arrivals-view-all/products/f1520-106?variant=44496236740799,https://outfitters.com.pk/cdn/shop/files/F1520106622_3.jpg,Outfitters
men,Basic V Neck T-shirt,"PKR 2,290-0%","PKR 2,290","PKR 2,290-0%",-0%,"Sizes: S, M, L, XL, XXL",https://outfitters.com.pk/collections/men-new-arrivals-view-all/products/f1549-106?variant=44494085161151,https://outfitters.com.pk/cdn/shop/files/F1549106901_4.jpg,Outfitters
men,Basic V Neck T-shirt,"PKR 2,290-0%","PKR 2,290","PKR 2,290-0%",-0%,"Sizes: S, M, L, XL, XXL",https://outfitters.com.pk/collections/men-new-arrivals-view-all/products/f1549-106?variant=44496441999551,https://outfitters.com.pk/cdn/shop/files/F1549106117_5.jpg,Outfitters
men,Basic V Neck T-shirt,"PKR 2,290-0%","PKR 2,290","PKR 2,290-0%",-0%,"Sizes: S, M, L, XL, XXL",https://outfitters.com.pk/collections/men-new-arrivals-view-all/products/f1549-106?variant=44494084833471,https://outfitters.com.pk/cdn/shop/files/F1549106001_1.jpg,Outfitters
men,Basic V Neck T-shirt,"PKR 2,290-0%","PKR 2,290","PKR 2,290-0%",-0%,"Sizes: S, M, L, XL, XXL",https://outfitters.com.pk/collections/men-new-arrivals-view-all/products/f1549-106?variant=44494084997311,https://outfitters.com.pk/cdn/shop/files/F1549106618_8.jpg,Outfitters
men,Basic Ribbed T-shirt,"PKR 3,490-0%","PKR 3,490","PKR 3,490-0%",-0%,"Sizes: S, M, L, XL",https://outfitters.com.pk/collections/men-new-arrivals-view-all/products/f1499-106?variant=44496235593919,https://outfitters.com.pk/cdn/shop/files/F1499106805_3.jpg,Outfitters
men,Basic Ribbed T-shirt,"PKR 3,490-0%","PKR 3,490","PKR 3,490-0%",-0%,"Sizes: S, M, L, XL",https://outfitters.com.pk/collections/men-new-arrivals-view-all/products/f1499-106?variant=44496235724991,https://outfitters.com.pk/cdn/shop/files/F1499106904_6.jpg,Outfitters
men,Basic Crew Neck T-shirt,"PKR 2,490-0%","PKR 2,490","PKR 2,490-0%",-0%,"Sizes: S, M, L, XL, XXL",https://outfitters.com.pk/collections/men-new-arrivals-view-all/products/f1552-106?variant=44496243065023,https://outfitters.com.pk/cdn/shop/files/F1552106817_5.jpg,Outfitters
men,Basic Crew Neck T-shirt,"PKR 2,490-0%","PKR 2,490","PKR 2,490-0%",-0%,"Sizes: S, M, L, XL, XXL",https://outfitters.com.pk/collections/men-new-arrivals-view-all/products/f1552-106?variant=44496243228863,https://outfitters.com.pk/cdn/shop/files/F1552106901_3.jpg,Outfitters
men,Basic T-shirt,"PKR 2,890-0%","PKR 2,890","PKR 2,890-0%",-0%,"Sizes: S, M, L, XL",https://outfitters.com.pk/collections/men-new-arrivals-view-all/products/f1493-106?variant=44496234250431,https://outfitters.com.pk/cdn/shop/files/F1493106001_4.jpg,Outfitters
men,Basic T-shirt,"PKR 2,890-0%","PKR 2,890","PKR 2,890-0%",-0%,"Sizes: S, M, L, XL",https://outfitters.com.pk/collections/men-new-arrivals-view-all/products/f1493-106?variant=44496234381503,https://outfitters.com.pk/cdn/shop/files/F1493106704_3.jpg,Outfitters
men,Basic Crew Neck T-shirt,"PKR 2,890-0%","PKR 2,890","PKR 2,890-0%",-0%,"Sizes: S, M, L, XL",https://outfitters.com.pk/collections/men-new-arrivals-view-all/products/f1498-106?variant=44496235135167,https://outfitters.com.pk/cdn/shop/files/F1498106618_4_b219d062-c208-4fcd-9de2-dfe50bc0a46c.jpg,Outfitters
men,Basic Crew Neck T-shirt,"PKR 2,890-0%","PKR 2,890","PKR 2,890-0%",-0%,"Sizes: S, M, L, XL",https://outfitters.com.pk/collections/men-new-arrivals-view-all/products/f1498-106?variant=44496235266239,https://outfitters.com.pk/cdn/shop/files/F1498106704_3_9fda4da2-fa40-4aa0-a3fe-132c839d9761.jpg,Outfitters
men,Basic Zipper Hoodie,"PKR 6,990-0%","PKR 6,990","PKR 6,990-0%",-0%,"Sizes: S, M, L, XL",https://outfitters.com.pk/collections/men-new-arrivals-view-all/products/f0552-107?variant=44546369061055,https://outfitters.com.pk/cdn/shop/files/F0552107618_4.jpg,Outfitters
men,Basic Zipper Hoodie,"PKR 6,990-0%","PKR 6,990","PKR 6,990-0%",-0%,"Sizes: S, M, L, XL",https://outfitters.com.pk/collections/men-new-arrivals-view-all/products/f0552-107?variant=44546368929983,https://outfitters.com.pk/cdn/shop/files/F0552107117_6_copy.jpg,Outfitters
men,Basic Zipper Hoodie,"PKR 6,990-0%","PKR 6,990","PKR 6,990-0%",-0%,"Sizes: S, M, L, XL",https://outfitters.com.pk/collections/men-new-arrivals-view-all/products/f0552-107?variant=44546369192127,https://outfitters.com.pk/cdn/shop/files/F0552107904_6.jpg,Outfitters
men,Graphic T-shirt,"PKR 3,090-0%","PKR 3,090","PKR 3,090-0%",-0%,"Sizes: S, M, L, XL",https://outfitters.com.pk/collections/men-new-arrivals-view-all/products/f1527-106?variant=44496237428927,https://outfitters.com.pk/cdn/shop/files/F1527106001_5.jpg,Outfitters
men,Graphic T-shirt,"PKR 3,090-0%","PKR 3,090","PKR 3,090-0%",-0%,"Sizes: S, M, L, XL",https://outfitters.com.pk/collections/men-new-arrivals-view-all/products/f1527-106?variant=44496237559999,https://outfitters.com.pk/cdn/shop/files/F1527106901_4.jpg,Outfitters
men,Graphic Pull-Over,"PKR 5,990-0%","PKR 5,990","PKR 5,990-0%",-0%,"Sizes: s, m, l, xl",https://outfitters.com.pk/collections/men-new-arrivals-view-all/products/f0585-107?variant=44576970178751,https://outfitters.com.pk/cdn/shop/files/F0585107001_5.jpg,Outfitters
men,Basic T-shirt,"PKR 2,490-0%","PKR 2,490","PKR 2,490-0%",-0%,"Sizes: S, M, L, XL",https://outfitters.com.pk/collections/men-new-arrivals-view-all/products/f1469-106?variant=44009201598655,https://outfitters.com.pk/cdn/shop/files/F1469106901_4.jpg,Outfitters
men,Basic T-shirt,"PKR 2,490-0%","PKR 2,490","PKR 2,490-0%",-0%,"Sizes: S, M, L, XL",https://outfitters.com.pk/collections/men-new-arrivals-view-all/products/f1469-106?variant=43997159882943,https://outfitters.com.pk/cdn/shop/files/F1469106001_4.jpg,Outfitters
men,Basic Crew Neck T-shirt,"PKR 3,090-0%","PKR 3,090","PKR 3,090-0%",-0%,"Sizes: S, M, L, XL",https://outfitters.com.pk/collections/men-new-arrivals-view-all/products/f1489-106?variant=44496233070783,https://outfitters.com.pk/cdn/shop/files/F1489106901_4.jpg,Outfitters
men,Basic Crew Neck T-shirt,"PKR 3,090-0%","PKR 3,090","PKR 3,090-0%",-0%,"Sizes: S, M, L, XL",https://outfitters.com.pk/collections/men-new-arrivals-view-all/products/f1489-106?variant=44496232939711,https://outfitters.com.pk/cdn/shop/files/F1489106801_3.jpg,Outfitters
men,Color-Block Graphic Hoodie,"PKR 6,490-0%","PKR 6,490","PKR 6,490-0%",-0%,"Sizes: s, m, l, xl",https://outfitters.com.pk/collections/men-new-arrivals-view-all/products/f0535-107?variant=44525726302399,https://outfitters.com.pk/cdn/shop/files/F0535107002_4.jpg,Outfitters
men,Basic T-Shirt With Pocket,"PKR 3,090-0%","PKR 3,090","PKR 3,090-0%",-0%,"Sizes: L
                                  - Sold Out, L-XL, M
                                  - Sold Out, S
                                  - Sold Out, S-M, XL
                                  - Sold Out",https://outfitters.com.pk/collections/men-new-arrivals-view-all/products/f1516-106?variant=44494083981503,https://outfitters.com.pk/cdn/shop/files/F1516106901_1_e7f04a81-3385-4aa6-906f-fda6223fe973.jpg,Outfitters
men,Basic T-Shirt With Pocket,"PKR 3,090-0%","PKR 3,090","PKR 3,090-0%",-0%,"Sizes: L
                                  - Sold Out, L-XL, M
                                  - Sold Out, S
                                  - Sold Out, S-M, XL
                                  - Sold Out",https://outfitters.com.pk/collections/men-new-arrivals-view-all/products/f1516-106?variant=44496441770175,https://outfitters.com.pk/cdn/shop/files/F1516106111_4_dbd47409-1af9-42ee-9137-3889ed622bde.jpg,Outfitters
men,Baggy Fit Jeans,"PKR 5,990-0%","PKR 5,990","PKR 5,990-0%",-0%,"Sizes: 30, 32, 34, 36, 38",https://outfitters.com.pk/collections/men-new-arrivals-view-all/products/f0602-109?variant=44496210002111,https://outfitters.com.pk/cdn/shop/files/F0602109630LOWER..jpg,Outfitters
men,Baggy Fit Jeans,"PKR 5,990-0%","PKR 5,990","PKR 5,990-0%",-0%,"Sizes: 30, 32, 34, 36, 38",https://outfitters.com.pk/collections/men-new-arrivals-view-all/products/f0602-109?variant=44496209838271,https://outfitters.com.pk/cdn/shop/files/F0602109622_5_copy.jpg,Outfitters
men,Slogan Print Sweatshirt,"PKR 5,490-0%","PKR 5,490","PKR 5,490-0%",-0%,"Sizes: s, m, l, xl",https://outfitters.com.pk/collections/men-new-arrivals-view-all/products/f0566-107?variant=44496208167103,https://outfitters.com.pk/cdn/shop/files/F0566107912_3.jpg,Outfitters
men,Cable Knitted Sweater,"PKR 6,990-0%","PKR 6,990","PKR 6,990-0%",-0%,"Sizes: S, M, L, XL",https://outfitters.com.pk/collections/men-new-arrivals-view-all/products/f0176-102?variant=44588331598015,https://outfitters.com.pk/cdn/shop/files/F0176102618_3.jpg,Outfitters
men,Cable Knitted Sweater,"PKR 6,990-0%","PKR 6,990","PKR 6,990-0%",-0%,"Sizes: L, M, S, XL",https://outfitters.com.pk/collections/men-new-arrivals-view-all/products/f0176-102?variant=44604428288191,https://outfitters.com.pk/cdn/shop/files/F0176102218_3.jpg,Outfitters
men,Open Knit Vest,"PKR 5,490-0%","PKR 5,490","PKR 5,490-0%",-0%,"Sizes: S, M, L, XL",https://outfitters.com.pk/collections/men-new-arrivals-view-all/products/f0153-102?variant=44588370624703,https://outfitters.com.pk/cdn/shop/files/F0153102820_4.jpg,Outfitters
men,Open Knit Vest,"PKR 5,490-0%","PKR 5,490","PKR 5,490-0%",-0%,"Sizes: S, M, L, XL",https://outfitters.com.pk/collections/men-new-arrivals-view-all/products/f0153-102?variant=44576938623167,https://outfitters.com.pk/cdn/shop/files/F0153102901_3.jpg,Outfitters
men,Graphic T-Shirt,"PKR 3,090-0%","PKR 3,090","PKR 3,090-0%",-0%,"Sizes: s, m, l, xl",https://outfitters.com.pk/collections/men-new-arrivals-view-all/products/f1530-106?variant=44496238641343,https://outfitters.com.pk/cdn/shop/files/F1530106903_3.jpg,Outfitters
men,Basic Mock Neck T-Shirt,"PKR 3,690-0%","PKR 3,690","PKR 3,690-0%",-0%,"Sizes: S, M, L, XL",https://outfitters.com.pk/collections/men-new-arrivals-view-all/products/f1514-106?variant=44496236150975,https://outfitters.com.pk/cdn/shop/files/F1514106801_4.jpg,Outfitters
men,Ribbed Polo Shirt,"PKR 4,990-0%","PKR 4,990","PKR 4,990-0%",-0%,"Sizes: S, M, L, XL",https://outfitters.com.pk/collections/men-new-arrivals-view-all/products/f1300-106?variant=44546374074559,https://outfitters.com.pk/cdn/shop/files/F1300106901_4_copy.jpg,Outfitters
men,Ribbed Polo Shirt,"PKR 4,990-0%","PKR 4,990","PKR 4,990-0%",-0%,"Sizes: S, M, L, XL",https://outfitters.com.pk/collections/men-new-arrivals-view-all/products/f1300-106?variant=44546373943487,https://outfitters.com.pk/cdn/shop/files/F1300106814_3.jpg,Outfitters
men,Basic T-Shirt,"PKR 2,890-0%","PKR 2,890","PKR 2,890-0%",-0%,"Sizes: S, M, L, XL",https://outfitters.com.pk/collections/men-new-arrivals-view-all/products/f1515-106?variant=44494083752127,https://outfitters.com.pk/cdn/shop/files/F1515106119_3.jpg,Outfitters
men,Basic T-Shirt,"PKR 2,890-0%","PKR 2,890","PKR 2,890-0%",-0%,"Sizes: S, M, L, XL",https://outfitters.com.pk/collections/men-new-arrivals-view-all/products/f1515-106?variant=44494083883199,https://outfitters.com.pk/cdn/shop/files/F1515106618_4.jpg,Outfitters
men,Slogan Hoodie,"PKR 5,990-0%","PKR 5,990","PKR 5,990-0%",-0%,"Sizes: s, m, l, xl",https://outfitters.com.pk/collections/men-new-arrivals-view-all/products/f0537-107?variant=44496199712959,https://outfitters.com.pk/cdn/shop/files/F0537107703_3.jpg,Outfitters
men,Textured Full Sleeves Mock Neck T-shirt,"PKR 3,290-0%","PKR 3,290","PKR 3,290-0%",-0%,"Sizes: S, M, L, XL",https://outfitters.com.pk/collections/men-new-arrivals-view-all/products/f1497-106?variant=44496234512575,https://outfitters.com.pk/cdn/shop/files/F1497106112_5.jpg,Outfitters
men,Textured Full Sleeves Mock Neck T-shirt,"PKR 3,290-0%","PKR 3,290","PKR 3,290-0%",-0%,"Sizes: S, M, L, XL",https://outfitters.com.pk/collections/men-new-arrivals-view-all/products/f1497-106?variant=44496234643647,https://outfitters.com.pk/cdn/shop/files/F1497106619_4.jpg,Outfitters
men,Quarter Zipper Graphic Sweatshirt,"PKR 6,490-0%","PKR 6,490","PKR 6,490-0%",-0%,"Sizes: s, m, l, xl",https://outfitters.com.pk/collections/men-new-arrivals-view-all/products/f0560-107?variant=44496207085759,https://outfitters.com.pk/cdn/shop/files/F0560107003_3.jpg,Outfitters
men,Checkered Shirt,"PKR 4,490-0%","PKR 4,490","PKR 4,490-0%",-0%,"Sizes: s, m, l, xl",https://outfitters.com.pk/collections/men-new-arrivals-view-all/products/f0962-103?variant=44525733281983,https://outfitters.com.pk/cdn/shop/files/F0962103803_5.jpg,Outfitters
men,Graphic T-Shirt,"PKR 2,890-0%","PKR 2,890","PKR 2,890-0%",-0%,"Sizes: s, m, l, xl",https://outfitters.com.pk/collections/men-new-arrivals-view-all/products/f1532-106?variant=44494084571327,https://outfitters.com.pk/cdn/shop/files/F1532106901_4.jpg,Outfitters
men,Basic Quarter-Zip Sweatshirt,"PKR 5,990-0%","PKR 5,990","PKR 5,990-0%",-0%,"Sizes: S, M, L, XL",https://outfitters.com.pk/collections/men-new-arrivals-view-all/products/f0545-107?variant=44525728202943,https://outfitters.com.pk/cdn/shop/files/F0545107002_4.jpg,Outfitters
men,Basic Quarter-Zip Sweatshirt,"PKR 5,990-0%","PKR 5,990","PKR 5,990-0%",-0%,"Sizes: S, M, L, XL",https://outfitters.com.pk/collections/men-new-arrivals-view-all/products/f0545-107?variant=44525728334015,https://outfitters.com.pk/cdn/shop/files/F0545107618_5.jpg,Outfitters
men,Puffer Jacket With Hood,"PKR 13,990-0%","PKR 13,990","PKR 13,990-0%",-0%,"Sizes: S, M, L, XL",https://outfitters.com.pk/collections/men-new-arrivals-view-all/products/f0308-101?variant=44576953499839,https://outfitters.com.pk/cdn/shop/files/F0308101901_c6142441-07d2-4f39-86f5-1f790eb86b3d.jpg,Outfitters
men,Puffer Jacket With Hood,"PKR 13,990-0%","PKR 13,990","PKR 13,990-0%",-0%,"Sizes: S, M, L, XL",https://outfitters.com.pk/collections/men-new-arrivals-view-all/products/f0308-101?variant=44576953368767,https://outfitters.com.pk/cdn/shop/files/F0308101801_4.jpg,Outfitters
men,Straight Fit Jeans,"PKR 5,490-0%","PKR 5,490","PKR 5,490-0%",-0%,"Sizes: 30, 32, 34, 36, 38",https://outfitters.com.pk/collections/men-new-arrivals-view-all/products/f0585-109?variant=44496208658623,https://outfitters.com.pk/cdn/shop/files/F0585109622_6.jpg,Outfitters
men,Straight Fit Jeans,"PKR 5,490-0%","PKR 5,490","PKR 5,490-0%",-0%,"Sizes: 30
                                  - Sold Out, 32, 34, 36, 38",https://outfitters.com.pk/collections/men-new-arrivals-view-all/products/f0585-109?variant=44496209182911,https://outfitters.com.pk/cdn/shop/files/F0585109630_5.jpg,Outfitters
men,Straight Fit Jeans,"PKR 5,490-0%","PKR 5,490","PKR 5,490-0%",-0%,"Sizes: 30, 32, 34, 36, 38",https://outfitters.com.pk/collections/men-new-arrivals-view-all/products/f0585-109?variant=44496208986303,https://outfitters.com.pk/cdn/shop/files/F0585109629_5_copy.jpg,Outfitters
men,Straight Fit Jeans,"PKR 5,490-0%","PKR 5,490","PKR 5,490-0%",-0%,"Sizes: 30, 32, 34, 36, 38",https://outfitters.com.pk/collections/men-new-arrivals-view-all/products/f0585-109?variant=44496208822463,https://outfitters.com.pk/cdn/shop/files/F0585109625_5.jpg,Outfitters
men,Graphic T-shirt,"PKR 2,890-0%","PKR 2,890","PKR 2,890-0%",-0%,"Sizes: s-m, l-xl",https://outfitters.com.pk/collections/men-new-arrivals-view-all/products/f1526-106?variant=44439979393215,https://outfitters.com.pk/cdn/shop/files/F1526106802_4_1401d00f-2661-45aa-8195-b922e55508fa.jpg,Outfitters
men,Basic Jogger Trousers,"PKR 5,490-0%","PKR 5,490","PKR 5,490-0%",-0%,"Sizes: S, M, L, XL",https://outfitters.com.pk/collections/men-new-arrivals-view-all/products/f0592-108?variant=44525731217599,https://outfitters.com.pk/cdn/shop/files/F0592108901_4.jpg,Outfitters
men,Basic Jogger Trousers,"PKR 5,490-0%","PKR 5,490","PKR 5,490-0%",-0%,"Sizes: S, M, L, XL",https://outfitters.com.pk/collections/men-new-arrivals-view-all/products/f0592-108?variant=44525731086527,https://outfitters.com.pk/cdn/shop/files/F0592108814_4.jpg,Outfitters
men,Relaxed Fit Trousers,"PKR 5,990-0%","PKR 5,990","PKR 5,990-0%",-0%,"Sizes: S, M, L, XL",https://outfitters.com.pk/collections/men-new-arrivals-view-all/products/f0600-108?variant=44486867026111,https://outfitters.com.pk/cdn/shop/files/F0600108915_3_copy.jpg,Outfitters
men,Relaxed Fit Trousers,"PKR 5,990-0%","PKR 5,990","PKR 5,990-0%",-0%,"Sizes: S, M, L, XL",https://outfitters.com.pk/collections/men-new-arrivals-view-all/products/f0600-108?variant=44486866895039,https://outfitters.com.pk/cdn/shop/files/F0600108901_3.jpg,Outfitters
men,Graphic T-Shirt,"PKR 2,890-0%","PKR 2,890","PKR 2,890-0%",-0%,"Sizes: s, m, l, xl",https://outfitters.com.pk/collections/men-new-arrivals-view-all/products/f1543-106?variant=44496242606271,https://outfitters.com.pk/cdn/shop/files/F1543106001_4.jpg,Outfitters
men,Slogan T-shirt,"PKR 2,890-0%","PKR 2,890","PKR 2,890-0%",-0%,"Sizes: S, M, L, XL",https://outfitters.com.pk/collections/men-new-arrivals-view-all/products/f1554-106?variant=44439980245183,https://outfitters.com.pk/cdn/shop/files/F1554106912_5.jpg,Outfitters
men,Slogan T-shirt,"PKR 2,890-0%","PKR 2,890","PKR 2,890-0%",-0%,"Sizes: S, M, L, XL",https://outfitters.com.pk/collections/men-new-arrivals-view-all/products/f1554-106?variant=44439980114111,https://outfitters.com.pk/cdn/shop/files/F1554106619_4.jpg,Outfitters
men,Basic Ribbed Sweater,"PKR 6,990-0%","PKR 6,990","PKR 6,990-0%",-0%,"Sizes: XL, S, M, L",https://outfitters.com.pk/collections/men-new-arrivals-view-all/products/f0174-102?variant=44496146694335,https://outfitters.com.pk/cdn/shop/files/F0174102901._eb26c75a-0b77-4ef2-90d6-5cd035fc383b.jpg,Outfitters
men,Slogan T-shirt,"PKR 2,490-0%","PKR 2,490","PKR 2,490-0%",-0%,"Sizes: s, m, l, xl",https://outfitters.com.pk/collections/men-new-arrivals-view-all/products/f1537-106?variant=44439979983039,https://outfitters.com.pk/cdn/shop/files/F1537106001_3.jpg,Outfitters
men,Graphic T-shirt,"PKR 2,890-0%","PKR 2,890","PKR 2,890-0%",-0%,"Sizes: s, m, l, xl",https://outfitters.com.pk/collections/men-new-arrivals-view-all/products/f1531-106?variant=44439979655359,https://outfitters.com.pk/cdn/shop/files/F1531106002_3.jpg,Outfitters
men,Graphic T-shirt,"PKR 3,290-0%","PKR 3,290","PKR 3,290-0%",-0%,"Sizes: s, m, l, xl",https://outfitters.com.pk/collections/men-new-arrivals-view-all/products/f1534-106?variant=44496239067327,https://outfitters.com.pk/cdn/shop/files/F1534106001_4.jpg,Outfitters
men,Basic Quarter-Zip Sweatshirt,"PKR 4,490-0%","PKR 4,490","PKR 4,490-0%",-0%,"Sizes: S, M, L, XL, XXL",https://outfitters.com.pk/collections/men-new-arrivals-view-all/products/f0544-107?variant=44496202203327,https://outfitters.com.pk/cdn/shop/files/F0544107816_6.jpg,Outfitters
men,Basic Quarter-Zip Sweatshirt,"PKR 4,490-0%","PKR 4,490","PKR 4,490-0%",-0%,"Sizes: S, M, L, XL, XXL",https://outfitters.com.pk/collections/men-new-arrivals-view-all/products/f0544-107?variant=44496202367167,https://outfitters.com.pk/cdn/shop/files/F0544107901_3.jpg,Outfitters
men,Straight Fit Trousers,"PKR 5,990-0%","PKR 5,990","PKR 5,990-0%",-0%,"Sizes: S, M, L, XL",https://outfitters.com.pk/collections/men-new-arrivals-view-all/products/f0601-108?variant=44486867288255,https://outfitters.com.pk/cdn/shop/files/F0601108803_3.jpg,Outfitters
men,Straight Fit Trousers,"PKR 5,990-0%","PKR 5,990","PKR 5,990-0%",-0%,"Sizes: S, M, L, XL",https://outfitters.com.pk/collections/men-new-arrivals-view-all/products/f0601-108?variant=44486867419327,https://outfitters.com.pk/cdn/shop/files/F0601108904_3.jpg,Outfitters
men,Straight Fit Trousers,"PKR 5,990-0%","PKR 5,990","PKR 5,990-0%",-0%,"Sizes: S, M, L, XL",https://outfitters.com.pk/collections/men-new-arrivals-view-all/products/f0601-108?variant=44486867157183,https://outfitters.com.pk/cdn/shop/files/F0601108007_5_copy.jpg,Outfitters
men,Ribbed Textured Sweater,"PKR 6,490-0%","PKR 6,490","PKR 6,490-0%",-0%,"Sizes: S, M, L, XL",https://outfitters.com.pk/collections/men-new-arrivals-view-all/products/f0160-102?variant=44496138600639,https://outfitters.com.pk/cdn/shop/files/F0160102901_5.jpg,Outfitters
men,Ribbed Textured Sweater,"PKR 6,490-0%","PKR 6,490","PKR 6,490-0%",-0%,"Sizes: S, M, L, XL",https://outfitters.com.pk/collections/men-new-arrivals-view-all/products/f0160-102?variant=44496138469567,https://outfitters.com.pk/cdn/shop/files/F0160102112_3.jpg,Outfitters
men,Basic Ribbed T-Shirt,"PKR 2,290-0%","PKR 2,290","PKR 2,290-0%",-0%,"Sizes: S, M, L, XL",https://outfitters.com.pk/collections/men-new-arrivals-view-all/products/f1262-106?variant=44156276900031,https://outfitters.com.pk/cdn/shop/files/F1262106915_3.jpg,Outfitters
men,Basic Ribbed T-Shirt,"PKR 2,290-0%","PKR 2,290","PKR 2,290-0%",-0%,"Sizes: S, M, L, XL",https://outfitters.com.pk/collections/men-new-arrivals-view-all/products/f1262-106?variant=44156276768959,https://outfitters.com.pk/cdn/shop/files/F1262106618_3.jpg,Outfitters
men,Basic Ribbed T-Shirt,"PKR 2,290-0%","PKR 2,290","PKR 2,290-0%",-0%,"Sizes: S, M, L, XL",https://outfitters.com.pk/collections/men-new-arrivals-view-all/products/f1262-106?variant=44156276637887,https://outfitters.com.pk/cdn/shop/files/F1262106003_4.jpg,Outfitters
men,Denim Shirt,"PKR 5,490-0%","PKR 5,490","PKR 5,490-0%",-0%,"Sizes: S, M, L, XL",https://outfitters.com.pk/collections/men-new-arrivals-view-all/products/f0922-103?variant=44494080770239,https://outfitters.com.pk/cdn/shop/files/F0922103622_4.jpg,Outfitters
men,Denim Shirt,"PKR 5,490-0%","PKR 5,490","PKR 5,490-0%",-0%,"Sizes: S, M, L, XL",https://outfitters.com.pk/collections/men-new-arrivals-view-all/products/f0922-103?variant=44494080901311,https://outfitters.com.pk/cdn/shop/files/F0922103904_4.jpg,Outfitters
men,Relaxed Fit Pants,"PKR 5,490-0%","PKR 5,490","PKR 5,490-0%",-0%,"Sizes: 30, 32, 34, 36, 38",https://outfitters.com.pk/collections/men-new-arrivals-view-all/products/f0552-108?variant=44496205185215,https://outfitters.com.pk/cdn/shop/files/F0552108901_5_copy.jpg,Outfitters
men,Basic Shirt,"PKR 3,990-0%","PKR 3,990","PKR 3,990-0%",-0%,"Sizes: S, M, L, XL",https://outfitters.com.pk/collections/men-new-arrivals-view-all/products/f0874-103?variant=44455341424831,https://outfitters.com.pk/cdn/shop/files/F0874103001_7.jpg,Outfitters
men,Basic Shirt,"PKR 3,990-0%","PKR 3,990","PKR 3,990-0%",-0%,"Sizes: S, M, L, XL",https://outfitters.com.pk/collections/men-new-arrivals-view-all/products/f0874-103?variant=44455341555903,https://outfitters.com.pk/cdn/shop/files/F0874103901_5.jpg,Outfitters
men,Color Block Raglan T-Shirt,"PKR 2,290-0%","PKR 2,290","PKR 2,290-0%",-0%,"Sizes: S, M, L, XL, XXL",https://outfitters.com.pk/collections/men-new-arrivals-view-all/products/f1471-106?variant=43997196091583,https://outfitters.com.pk/cdn/shop/files/F1471106618_3_copy.jpg,Outfitters
men,Color Block Raglan T-Shirt,"PKR 2,290-0%","PKR 2,290","PKR 2,290-0%",-0%,"Sizes: L, M, S, XL, XXL",https://outfitters.com.pk/collections/men-new-arrivals-view-all/products/f1471-106?variant=43997196255423,https://outfitters.com.pk/cdn/shop/files/F1471106001_5.jpg,Outfitters
men,Color Block Raglan T-Shirt,"PKR 2,290-0%","PKR 2,290","PKR 2,290-0%",-0%,"Sizes: L, M, S, XL, XXL",https://outfitters.com.pk/collections/men-new-arrivals-view-all/products/f1471-106?variant=43997196419263,https://outfitters.com.pk/cdn/shop/files/F1471106003_4.jpg,Outfitters
men,Graphic Trousers,"PKR 4,990-0%","PKR 4,990","PKR 4,990-0%",-0%,"Sizes: s, m, l, xl",https://outfitters.com.pk/collections/men-new-arrivals-view-all/products/f0547-108?variant=44494076444863,https://outfitters.com.pk/cdn/shop/files/F0547108901_3.jpg,Outfitters
men,Basic Textured Trousers,"FromPKR 5,990-0%","PKR 5,990","FromPKR 5,990-0%",-0%,"Sizes: S, M, L, XL",https://outfitters.com.pk/collections/men-new-arrivals-view-all/products/f0549-108?variant=44496203645119,https://outfitters.com.pk/cdn/shop/files/F0549108113_3.jpg,Outfitters
men,Basic Textured Trousers,"FromPKR 5,990-0%","PKR 5,990","FromPKR 5,990-0%",-0%,"Sizes: S, M, L, XL
                                  - Sold Out",https://outfitters.com.pk/collections/men-new-arrivals-view-all/products/f0549-108?variant=44496203776191,https://outfitters.com.pk/cdn/shop/files/F0549108901_4.jpg,Outfitters
men,Loose Relaxed Jeans,"PKR 5,490-0%","PKR 5,490","PKR 5,490-0%",-0%,"Sizes: 30, 32, 34, 36, 38",https://outfitters.com.pk/collections/men-new-arrivals-view-all/products/f0587-109?variant=44494077558975,https://outfitters.com.pk/cdn/shop/files/F0587109622_5.jpg,Outfitters
men,Loose Relaxed Jeans,"PKR 5,490-0%","PKR 5,490","PKR 5,490-0%",-0%,"Sizes: 30
                                  - Sold Out, 32, 34, 36, 38",https://outfitters.com.pk/collections/men-new-arrivals-view-all/products/f0587-109?variant=44494077755583,https://outfitters.com.pk/cdn/shop/files/F0587109625_5.jpg,Outfitters
men,Loose Relaxed Jeans,"PKR 5,490-0%","PKR 5,490","PKR 5,490-0%",-0%,"Sizes: 30
                                  - Sold Out, 32, 34, 36, 38",https://outfitters.com.pk/collections/men-new-arrivals-view-all/products/f0587-109?variant=44494077919423,https://outfitters.com.pk/cdn/shop/files/F0587109630LOWER..jpg,Outfitters
men,Balloon Fit Pants,"PKR 7,490-0%","PKR 7,490","PKR 7,490-0%",-0%,"Sizes: 30, 32, 34, 36, 38",https://outfitters.com.pk/collections/men-new-arrivals-view-all/products/f0508-108?variant=44455339884735,https://outfitters.com.pk/cdn/shop/files/F0508108901_7_copy.jpg,Outfitters
men,Loose Relaxed Jeans,"PKR 5,490-0%","PKR 5,490","PKR 5,490-0%",-0%,"Sizes: 30
                                          - Sold Out, 32, 34, 36, 38",https://outfitters.com.pk/collections/men-new-arrivals-view-all/products/f0586-109?variant=44496209379519,https://outfitters.com.pk/cdn/shop/files/F0586109903_5_copy.jpg,Outfitters
men,Embroidered Shirt,"PKR 4,290-0%","PKR 4,290","PKR 4,290-0%",-0%,"Sizes: s, m, l, xl",https://outfitters.com.pk/collections/men-new-arrivals-view-all/products/f0898-103?variant=44496217997503,https://outfitters.com.pk/cdn/shop/files/F0898103618_3.jpg,Outfitters
men,Baggy Jeans,"PKR 5,490-0%","PKR 5,490","PKR 5,490-0%",-0%,"Sizes: 30, 32, 34, 36, 38",https://outfitters.com.pk/collections/men-new-arrivals-view-all/products/f0601-109?variant=44496209674431,https://outfitters.com.pk/cdn/shop/files/F0601109903_5_copy.jpg,Outfitters
men,Straight Pants,"PKR 5,990-0%","PKR 5,990","PKR 5,990-0%",-0%,"Sizes: 30, 32, 34, 36, 38",https://outfitters.com.pk/collections/men-new-arrivals-view-all/products/f0568-108?variant=44496208298175,https://outfitters.com.pk/cdn/shop/files/F0568108901_6.jpg,Outfitters
men,Straight Pants,"PKR 5,990-0%","PKR 5,990","PKR 5,990-0%",-0%,"Sizes: 30, 32, 34, 36, 38",https://outfitters.com.pk/collections/men-new-arrivals-view-all/products/f0568-108?variant=44498508480703,https://outfitters.com.pk/cdn/shop/files/F0568108803_5_copy.jpg,Outfitters
men,Mock Neck Quilted Puffer Jacket,"PKR 12,990-0%","PKR 12,990","PKR 12,990-0%",-0%,"Sizes: S, M, L, XL",https://outfitters.com.pk/collections/men-new-arrivals-view-all/products/f0268-101?variant=44576951763135,https://outfitters.com.pk/cdn/shop/files/F0268101901_3.jpg,Outfitters
men,Checkered Shirt,"PKR 5,990-0%","PKR 5,990","PKR 5,990-0%",-0%,"Sizes: s, m, l, xl",https://outfitters.com.pk/collections/men-new-arrivals-view-all/products/f0985-103?variant=44604427632831,https://outfitters.com.pk/cdn/shop/files/F0985103113_3.jpg,Outfitters
men,Basic Linen Blend Shirt,"PKR 5,490-0%","PKR 5,490","PKR 5,490-0%",-0%,"Sizes: S, M, L, XL",https://outfitters.com.pk/collections/men-new-arrivals-view-all/products/f0947-103?variant=44604427370687,https://outfitters.com.pk/cdn/shop/files/F0947103618_2.jpg,Outfitters
men,Basic Quarter Placket Sweatshirt,"PKR 6,490-0%","PKR 6,490","PKR 6,490-0%",-0%,"Sizes: S, M, L, XL",https://outfitters.com.pk/collections/men-new-arrivals-view-all/products/f0530-107?variant=44576966082751,https://outfitters.com.pk/cdn/shop/files/F0530107703_3.jpg,Outfitters
men,Basic Quarter Placket Sweatshirt,"PKR 6,490-0%","PKR 6,490","PKR 6,490-0%",-0%,"Sizes: S, M, L, XL",https://outfitters.com.pk/collections/men-new-arrivals-view-all/products/f0530-107?variant=44576966213823,https://outfitters.com.pk/cdn/shop/files/F0530107901_3.jpg,Outfitters
men,Barrel Fit Trousers,"PKR 5,990-0%","PKR 5,990","PKR 5,990-0%",-0%,"Sizes: 30, 32, 34, 36, 38",https://outfitters.com.pk/collections/men-new-arrivals-view-all/products/f0563-108?variant=44604426748095,https://outfitters.com.pk/cdn/shop/files/F0563108901_4.jpg,Outfitters
men,Basic Jogger Trousers,"PKR 5,990-0%","PKR 5,990","PKR 5,990-0%",-0%,"Sizes: 30, 32, 34, 36, 38",https://outfitters.com.pk/collections/men-new-arrivals-view-all/products/f0533-108?variant=44091330527423,https://outfitters.com.pk/cdn/shop/files/F0533108901_3_copy.jpg,Outfitters
men,Basic Jogger Trousers,"PKR 5,990-0%","PKR 5,990","PKR 5,990-0%",-0%,"Sizes: 30, 32, 34, 36, 38",https://outfitters.com.pk/collections/men-new-arrivals-view-all/products/f0533-108?variant=44091330363583,https://outfitters.com.pk/cdn/shop/files/F0533108817_6_copy.jpg,Outfitters
men,Basic Jogger Trousers,"PKR 5,990-0%","PKR 5,990","PKR 5,990-0%",-0%,"Sizes: 30, 32, 34, 36, 38",https://outfitters.com.pk/collections/men-new-arrivals-view-all/products/f0533-108?variant=44091330199743,https://outfitters.com.pk/cdn/shop/files/F0533108119_7.jpg,Outfitters
men,Basic Cotton Shirt,"PKR 4,290-0%","PKR 4,290","PKR 4,290-0%",-0%,"Sizes: S, M, L, XL, XXL",https://outfitters.com.pk/collections/men-new-arrivals-view-all/products/f0945-103?variant=44496218489023,https://outfitters.com.pk/cdn/shop/files/F0945103619_5_copy.jpg,Outfitters
men,Basic Cotton Shirt,"PKR 4,290-0%","PKR 4,290","PKR 4,290-0%",-0%,"Sizes: S, M, L, XL, XXL",https://outfitters.com.pk/collections/men-new-arrivals-view-all/products/f0945-103?variant=44496218161343,https://outfitters.com.pk/cdn/shop/files/F0945103001_3.jpg,Outfitters
men,Basic Cotton Shirt,"PKR 4,290-0%","PKR 4,290","PKR 4,290-0%",-0%,"Sizes: S, M, L, XL, XXL",https://outfitters.com.pk/collections/men-new-arrivals-view-all/products/f0945-103?variant=44496218325183,https://outfitters.com.pk/cdn/shop/files/F0945103007_4.jpg,Outfitters
men,Basic Cotton Shirt,"PKR 4,290-0%","PKR 4,290","PKR 4,290-0%",-0%,"Sizes: S, M, L, XL, XXL",https://outfitters.com.pk/collections/men-new-arrivals-view-all/products/f0945-103?variant=44496218652863,https://outfitters.com.pk/cdn/shop/files/F0945103901_3.jpg,Outfitters
men,Basic Crew Neck Sweatshirt,"PKR 4,290-0%","PKR 4,290","PKR 4,290-0%",-0%,"Sizes: S, M, L, XL, XXL",https://outfitters.com.pk/collections/men-new-arrivals-view-all/products/f0539-107?variant=44525727187135,https://outfitters.com.pk/cdn/shop/files/F0539107007_5.jpg,Outfitters
men,Basic Crew Neck Sweatshirt,"PKR 4,290-0%","PKR 4,290","PKR 4,290-0%",-0%,"Sizes: S, M, L, XL, XXL",https://outfitters.com.pk/collections/men-new-arrivals-view-all/products/f0539-107?variant=44525727514815,https://outfitters.com.pk/cdn/shop/files/F0539107901_4.jpg,Outfitters
men,Basic Crew Neck Sweatshirt,"PKR 4,290-0%","PKR 4,290","PKR 4,290-0%",-0%,"Sizes: S, M, L, XL, XXL",https://outfitters.com.pk/collections/men-new-arrivals-view-all/products/f0539-107?variant=44525727350975,https://outfitters.com.pk/cdn/shop/files/F0539107317_3_copy.jpg,Outfitters
men,Faux Leather Bomber Jacket,"PKR 16,490-0%","PKR 16,490","PKR 16,490-0%",-0%,"Sizes: s, m, l, xl",https://outfitters.com.pk/collections/men-new-arrivals-view-all/products/f0299-101?variant=44604423471295,https://outfitters.com.pk/cdn/shop/files/F0299101901_5_copy2.jpg,Outfitters
men,Pack of 3 Ankle Socks,PKR 690-0%,PKR 690,PKR 690-0%,-0%,"Sizes: 39-42, 43-46",https://outfitters.com.pk/collections/men-new-arrivals-view-all/products/f0129-119?variant=44047848177855,https://outfitters.com.pk/cdn/shop/files/F0129119901_8.jpg,Outfitters
men,Basic Slim Chino Pants,"PKR 5,990-0%","PKR 5,990","PKR 5,990-0%",-0%,"Sizes: 30, 32, 34, 36, 38",https://outfitters.com.pk/collections/men-new-arrivals-view-all/products/f0537-108?variant=44069481382079,https://outfitters.com.pk/cdn/shop/files/F0537108817_4.jpg,Outfitters
men,Basic Slim Chino Pants,"PKR 5,990-0%","PKR 5,990","PKR 5,990-0%",-0%,"Sizes: 30, 32, 34, 36, 38",https://outfitters.com.pk/collections/men-new-arrivals-view-all/products/f0537-108?variant=44069481545919,https://outfitters.com.pk/cdn/shop/files/F0537108901_1.jpg,Outfitters
men,Basic Slim Chino Pants,"PKR 5,990-0%","PKR 5,990","PKR 5,990-0%",-0%,"Sizes: 30, 32, 34, 36, 38",https://outfitters.com.pk/collections/men-new-arrivals-view-all/products/f0537-108?variant=44212783186111,https://outfitters.com.pk/cdn/shop/files/F0537108117_5.jpg,Outfitters
men,Carrot Fit Jeans,"PKR 5,490-0%","PKR 5,490","PKR 5,490-0%",-0%,"Sizes: 30, 32, 34, 36, 38",https://outfitters.com.pk/collections/men-new-arrivals-view-all/products/f0583-109?variant=44576969785535,https://outfitters.com.pk/cdn/shop/files/F0583109625_5_copy.jpg,Outfitters
men,Basic Button Up Shirt,"PKR 3,990-0%","PKR 3,990","PKR 3,990-0%",-0%,"Sizes: S, M, L, XL",https://outfitters.com.pk/collections/men-new-arrivals-view-all/products/f0948-103?variant=44576972505279,https://outfitters.com.pk/cdn/shop/files/F0948103901_4.jpg,Outfitters
men,Basic Button Up Shirt,"PKR 3,990-0%","PKR 3,990","PKR 3,990-0%",-0%,"Sizes: S, M, L, XL",https://outfitters.com.pk/collections/men-new-arrivals-view-all/products/f0948-103?variant=44576972374207,https://outfitters.com.pk/cdn/shop/files/F0948103001_3.jpg,Outfitters
men,Mandarin Collar Shirt,"PKR 5,990-0%","PKR 5,990","PKR 5,990-0%",-0%,"Sizes: S, M, L, XL, XXL",https://outfitters.com.pk/collections/men-new-arrivals-view-all/products/f0785-103?variant=44494111735999,https://outfitters.com.pk/cdn/shop/files/F0785103813_4.jpg,Outfitters
men,Mandarin Collar Shirt,"PKR 5,990-0%","PKR 5,990","PKR 5,990-0%",-0%,"Sizes: S, M, L, XL, XXL",https://outfitters.com.pk/collections/men-new-arrivals-view-all/products/f0785-103?variant=44494111899839,https://outfitters.com.pk/cdn/shop/files/F0785103905_6.jpg,Outfitters
men,Mandarin Collar Shirt,"PKR 5,990-0%","PKR 5,990","PKR 5,990-0%",-0%,"Sizes: S, M, L, XL, XXL",https://outfitters.com.pk/collections/men-new-arrivals-view-all/products/f0785-103?variant=44494112293055,https://outfitters.com.pk/cdn/shop/files/F0785103901_5.jpg,Outfitters
men,Mandarin Collar Shirt,"PKR 5,990-0%","PKR 5,990","PKR 5,990-0%",-0%,"Sizes: S, M, L, XL, XXL",https://outfitters.com.pk/collections/men-new-arrivals-view-all/products/f0785-103?variant=44494112129215,https://outfitters.com.pk/cdn/shop/files/F0785103803_3.jpg,Outfitters
men,Basic Skinny Jeans,"PKR 5,990-0%","PKR 5,990","PKR 5,990-0%",-0%,"Sizes: 30, 32, 34, 36, 38",https://outfitters.com.pk/collections/men-new-arrivals-view-all/products/f0573-109?variant=44047895756991,https://outfitters.com.pk/cdn/shop/files/F0573109901_5.jpg,Outfitters
men,Basic Hoodie,"PKR 5,990-0%","PKR 5,990","PKR 5,990-0%",-0%,"Sizes: S, M, L, XL, XXL",https://outfitters.com.pk/collections/men-new-arrivals-view-all/products/f0540-107?variant=44496200532159,https://outfitters.com.pk/cdn/shop/files/F0540107003_5.jpg,Outfitters
men,Basic Hoodie,"PKR 5,990-0%","PKR 5,990","PKR 5,990-0%",-0%,"Sizes: S, M, L, XL, XXL",https://outfitters.com.pk/collections/men-new-arrivals-view-all/products/f0540-107?variant=44496200695999,https://outfitters.com.pk/cdn/shop/files/F0540107619_5.jpg,Outfitters
men,Basic Hoodie,"PKR 5,990-0%","PKR 5,990","PKR 5,990-0%",-0%,"Sizes: S, M, L, XL, XXL",https://outfitters.com.pk/collections/men-new-arrivals-view-all/products/f0540-107?variant=44496200859839,https://outfitters.com.pk/cdn/shop/files/F0540107903_3.jpg,Outfitters
women,Cropped Embroidered T-Shirt,"PKR 2,890-0%","PKR 2,890","PKR 2,890-0%",-0%,"Sizes: s, m, l",https://outfitters.com.pk/collections/women-new-arrivals-view-all/products/f1109-206?variant=44616603336895,https://outfitters.com.pk/cdn/shop/files/F1109206901_3.jpg,Outfitters
women,Basic Slim Fit T-Shirt,"PKR 3,090-0%","PKR 3,090","PKR 3,090-0%",-0%,"Sizes: S, M, L",https://outfitters.com.pk/collections/women-new-arrivals-view-all/products/f1094-206?variant=44569108054207,https://outfitters.com.pk/cdn/shop/files/F1094206707_4_copy.jpg,Outfitters
women,Graphic T-Shirt,"PKR 2,290-0%","PKR 2,290","PKR 2,290-0%",-0%,"Sizes: s, m, l",https://outfitters.com.pk/collections/women-new-arrivals-view-all/products/f1117-206?variant=44496229269695,https://outfitters.com.pk/cdn/shop/files/F1117206002_3.jpg,Outfitters
women,Basic Textured Tank Top,"PKR 1,490-0%","PKR 1,490","PKR 1,490-0%",-0%,"Sizes: S
                                  - Sold Out, M, L",https://outfitters.com.pk/collections/women-new-arrivals-view-all/products/f0964-206?variant=44494112424127,https://outfitters.com.pk/cdn/shop/files/F0964206901_7.jpg,Outfitters
women,Basic Textured Tank Top,"PKR 1,490-0%","PKR 1,490","PKR 1,490-0%",-0%,"Sizes: L, M, S",https://outfitters.com.pk/collections/women-new-arrivals-view-all/products/f0964-206?variant=44494112489663,https://outfitters.com.pk/cdn/shop/files/F0964206006_4.jpg,Outfitters
women,Basic Textured Tank Top,"PKR 1,490-0%","PKR 1,490","PKR 1,490-0%",-0%,"Sizes: L, M, S",https://outfitters.com.pk/collections/women-new-arrivals-view-all/products/f0964-206?variant=44494112587967,https://outfitters.com.pk/cdn/shop/files/F0964206816_3.jpg,Outfitters
women,Cropped Basic Camisole,"PKR 1,490-0%","PKR 1,490","PKR 1,490-0%",-0%,"Sizes: S, M, L",https://outfitters.com.pk/collections/women-new-arrivals-view-all/products/f0965-206?variant=44020475986111,https://outfitters.com.pk/cdn/shop/files/F0965206808_2.jpg,Outfitters
women,Cropped Basic Camisole,"PKR 1,490-0%","PKR 1,490","PKR 1,490-0%",-0%,"Sizes: S, M, L",https://outfitters.com.pk/collections/women-new-arrivals-view-all/products/f0965-206?variant=44020476084415,https://outfitters.com.pk/cdn/shop/files/F0965206901_2.jpg,Outfitters
women,Cropped Basic Camisole,"PKR 1,490-0%","PKR 1,490","PKR 1,490-0%",-0%,"Sizes: S, M, L",https://outfitters.com.pk/collections/women-new-arrivals-view-all/products/f0965-206?variant=44158012653759,https://outfitters.com.pk/cdn/shop/files/F0965206001_4.jpg,Outfitters
women,Wide Flared Jeans,"PKR 5,990-0%","PKR 5,990","PKR 5,990-0%",-0%,"Sizes: 24, 26, 28, 30, 32, 34",https://outfitters.com.pk/collections/women-new-arrivals-view-all/products/f0545-209?variant=44525728530623,https://outfitters.com.pk/cdn/shop/files/F0545209618_6.jpg,Outfitters
women,Cropped Embroidered T-Shirt,"PKR 2,490-0%","PKR 2,490","PKR 2,490-0%",-0%,"Sizes: xs-s, s
                                          - Sold Out, m
                                          - Sold Out, m-l, l
                                          - Sold Out",https://outfitters.com.pk/collections/women-new-arrivals-view-all/products/f1107-206?variant=44496227041471,https://outfitters.com.pk/cdn/shop/files/F1107206002_3_copy.jpg,Outfitters
women,Basic T-shirt,"PKR 1,890-0%","PKR 1,890","PKR 1,890-0%",-0%,"Sizes: S, M, L",https://outfitters.com.pk/collections/women-new-arrivals-view-all/products/f1077-206?variant=44496224977087,https://outfitters.com.pk/cdn/shop/files/F1077206512_2.jpg,Outfitters
women,Basic T-shirt,"PKR 1,890-0%","PKR 1,890","PKR 1,890-0%",-0%,"Sizes: S, M, L",https://outfitters.com.pk/collections/women-new-arrivals-view-all/products/f1077-206?variant=44496225075391,https://outfitters.com.pk/cdn/shop/files/F1077206916_5_8de85bb9-1e89-4e8d-ae93-6b9086b39d3c.jpg,Outfitters
women,Embroidered Hoodie,"PKR 5,990-0%","PKR 5,990","PKR 5,990-0%",-0%,"Sizes: s, m, l",https://outfitters.com.pk/collections/women-new-arrivals-view-all/products/f0248-207?variant=44576949436607,https://outfitters.com.pk/cdn/shop/files/F0248207002_4_copy.jpg,Outfitters
women,Basic T-Shirt With Cap Sleeves,"PKR 1,890-0%","PKR 1,890","PKR 1,890-0%",-0%,"Sizes: S, M, L",https://outfitters.com.pk/collections/women-new-arrivals-view-all/products/f0708-206?variant=44048008806591,https://outfitters.com.pk/cdn/shop/files/F0708206814_5.jpg,Outfitters
women,Basic T-Shirt With Cap Sleeves,"PKR 1,890-0%","PKR 1,890","PKR 1,890-0%",-0%,"Sizes: S
                                  - Sold Out, M, L",https://outfitters.com.pk/collections/women-new-arrivals-view-all/products/f0708-206?variant=44048008872127,https://outfitters.com.pk/cdn/shop/files/F0708206901_1.jpg,Outfitters
women,Cropped Quarter Zipper,"PKR 5,990-0%","PKR 5,990","PKR 5,990-0%",-0%,"Sizes: s, m, l",https://outfitters.com.pk/collections/women-new-arrivals-view-all/products/f0234-207?variant=44588333891775,https://outfitters.com.pk/cdn/shop/files/F0234207403_4.jpg,Outfitters
women,Basic Mock Neck T-shirt,"PKR 3,690-0%","PKR 3,690","PKR 3,690-0%",-0%,"Sizes: S, M, L",https://outfitters.com.pk/collections/women-new-arrivals-view-all/products/f1065-206?variant=44496224583871,https://outfitters.com.pk/cdn/shop/files/F1065206815_4.jpg,Outfitters
women,Basic Mock Neck T-shirt,"PKR 3,690-0%","PKR 3,690","PKR 3,690-0%",-0%,"Sizes: S, M, L",https://outfitters.com.pk/collections/women-new-arrivals-view-all/products/f1065-206?variant=44496224682175,https://outfitters.com.pk/cdn/shop/files/F1065206901_4.jpg,Outfitters
women,Contrast Raglan T-shirt,"PKR 3,090-0%","PKR 3,090","PKR 3,090-0%",-0%,"Sizes: s, m, l",https://outfitters.com.pk/collections/women-new-arrivals-view-all/products/f1064-206?variant=44496224485567,https://outfitters.com.pk/cdn/shop/files/F1064206909_4.jpg,Outfitters
women,Super Cropped Striped T-Shirt,"PKR 2,290-0%","PKR 2,290","PKR 2,290-0%",-0%,"Sizes: s, m, l",https://outfitters.com.pk/collections/women-new-arrivals-view-all/products/f0968-206?variant=44260992581823,https://outfitters.com.pk/cdn/shop/files/F0968206999_4_99e2c7ed-3048-4a4c-857e-1a766381c249.jpg,Outfitters
women,Basic Crew Neck T-Shirt,"PKR 2,490-0%","PKR 2,490","PKR 2,490-0%",-0%,"Sizes: S, M, L",https://outfitters.com.pk/collections/women-new-arrivals-view-all/products/f1074-206?variant=44525734854847,https://outfitters.com.pk/cdn/shop/files/F1074206807_6.jpg,Outfitters
women,Basic T-Shirt,"PKR 2,890-0%","PKR 2,890","PKR 2,890-0%",-0%,"Sizes: S
                                  - Sold Out, M, L",https://outfitters.com.pk/collections/women-new-arrivals-view-all/products/f1134-206?variant=44496232448191,https://outfitters.com.pk/cdn/shop/files/F1134206816_4.jpg,Outfitters
women,Basic T-Shirt,"PKR 2,890-0%","PKR 2,890","PKR 2,890-0%",-0%,"Sizes: S
                                  - Sold Out, M, L",https://outfitters.com.pk/collections/women-new-arrivals-view-all/products/f1134-206?variant=44496232546495,https://outfitters.com.pk/cdn/shop/files/F1134206901_3.jpg,Outfitters
women,Basic Mock Neck T-shirt,"PKR 2,890-0%","PKR 2,890","PKR 2,890-0%",-0%,"Sizes: S, M, L",https://outfitters.com.pk/collections/women-new-arrivals-view-all/products/f1075-206?variant=44496224780479,https://outfitters.com.pk/cdn/shop/files/F1075206802_5.jpg,Outfitters
women,Basic Mock Neck T-shirt,"PKR 2,890-0%","PKR 2,890","PKR 2,890-0%",-0%,"Sizes: S, M, L",https://outfitters.com.pk/collections/women-new-arrivals-view-all/products/f1075-206?variant=44496224878783,https://outfitters.com.pk/cdn/shop/files/F1075206817_3.jpg,Outfitters
women,Basic Ribbed T-shirt,"PKR 1,890-0%","PKR 1,890","PKR 1,890-0%",-0%,"Sizes: S, M, L",https://outfitters.com.pk/collections/women-new-arrivals-view-all/products/f0966-206?variant=44365372129471,https://outfitters.com.pk/cdn/shop/files/F0966206814_4.jpg,Outfitters
women,Basic Ribbed T-shirt,"PKR 1,890-0%","PKR 1,890","PKR 1,890-0%",-0%,"Sizes: S, M, L",https://outfitters.com.pk/collections/women-new-arrivals-view-all/products/f0966-206?variant=44390333382847,https://outfitters.com.pk/cdn/shop/files/F0966206901_2.jpg,Outfitters
women,Basic Ribbed T-shirt,"PKR 1,890-0%","PKR 1,890","PKR 1,890-0%",-0%,"Sizes: L, M, S",https://outfitters.com.pk/collections/women-new-arrivals-view-all/products/f0966-206?variant=44455355318463,https://outfitters.com.pk/cdn/shop/files/F0966206626_7.jpg,Outfitters
women,Plazzo Jeans,"PKR 5,990-0%","PKR 5,990","PKR 5,990-0%",-0%,"Sizes: 24, 26, 28, 30, 32, 34",https://outfitters.com.pk/collections/women-new-arrivals-view-all/products/f0551-209?variant=44546368667839,https://outfitters.com.pk/cdn/shop/files/F0551209622_15.jpg,Outfitters
women,Buttoned High Neck,"PKR 3,290-0%","PKR 3,290","PKR 3,290-0%",-0%,"Sizes: S, M, L",https://outfitters.com.pk/collections/women-new-arrivals-view-all/products/f1096-206?variant=44496226779327,https://outfitters.com.pk/cdn/shop/files/F1096206901_4.jpg,Outfitters
women,Buttoned High Neck,"PKR 3,290-0%","PKR 3,290","PKR 3,290-0%",-0%,"Sizes: S, M, L",https://outfitters.com.pk/collections/women-new-arrivals-view-all/products/f1096-206?variant=44496226681023,https://outfitters.com.pk/cdn/shop/files/F1096206002_3.jpg,Outfitters
women,Wide Leg Trouser,"PKR 4,990-0%","PKR 4,990","PKR 4,990-0%",-0%,"Sizes: XS, S, M, L",https://outfitters.com.pk/collections/women-new-arrivals-view-all/products/f0549-208?variant=44496203940031,https://outfitters.com.pk/cdn/shop/files/F0549208307LOWER._b86096ee-a3b0-4f39-aee5-d001d7397f4d.jpg,Outfitters
women,Wide Leg Trouser,"PKR 4,990-0%","PKR 4,990","PKR 4,990-0%",-0%,"Sizes: XS, S, M, L",https://outfitters.com.pk/collections/women-new-arrivals-view-all/products/f0549-208?variant=44496204071103,https://outfitters.com.pk/cdn/shop/files/F0549208916_5.jpg,Outfitters
women,Basic Ribbed Sweater,"PKR 5,990-0%","PKR 5,990","PKR 5,990-0%",-0%,"Sizes: XS, S, M, L",https://outfitters.com.pk/collections/women-new-arrivals-view-all/products/f0171-202?variant=44496144597183,https://outfitters.com.pk/cdn/shop/files/F0171202403..jpg,Outfitters
women,Basic Ribbed Sweater,"PKR 5,990-0%","PKR 5,990","PKR 5,990-0%",-0%,"Sizes: XS, S, M, L",https://outfitters.com.pk/collections/women-new-arrivals-view-all/products/f0171-202?variant=44496144728255,https://outfitters.com.pk/cdn/shop/files/F0171202804_4.jpg,Outfitters
women,Striped Sweater,"PKR 5,990-0%","PKR 5,990","PKR 5,990-0%",-0%,"Sizes: XS, S, M, L",https://outfitters.com.pk/collections/women-new-arrivals-view-all/products/f0173-202?variant=44496145481919,https://outfitters.com.pk/cdn/shop/files/F0173202815_6.jpg,Outfitters
women,Striped Sweater,"PKR 5,990-0%","PKR 5,990","PKR 5,990-0%",-0%,"Sizes: XS, S, M, L",https://outfitters.com.pk/collections/women-new-arrivals-view-all/products/f0173-202?variant=44496145350847,https://outfitters.com.pk/cdn/shop/files/F0173202003_4.jpg,Outfitters
women,Basic Mock Neck T-Shirt,"PKR 2,090-0%","PKR 2,090","PKR 2,090-0%",-0%,"Sizes: S, M, L",https://outfitters.com.pk/collections/women-new-arrivals-view-all/products/f1081-206?variant=44496225370303,https://outfitters.com.pk/cdn/shop/files/F1081206901_2.jpg,Outfitters
women,Basic Mock Neck T-Shirt,"PKR 2,090-0%","PKR 2,090","PKR 2,090-0%",-0%,"Sizes: S, M, L",https://outfitters.com.pk/collections/women-new-arrivals-view-all/products/f1081-206?variant=44496225271999,https://outfitters.com.pk/cdn/shop/files/F1081206523_3.jpg,Outfitters
women,Striped Polo Neck Sweater,"PKR 6,490-0%","PKR 6,490","PKR 6,490-0%",-0%,"Sizes: XS, S, M, L",https://outfitters.com.pk/collections/women-new-arrivals-view-all/products/f0174-202?variant=44496147185855,https://outfitters.com.pk/cdn/shop/files/F0174202901_2_copy.jpg,Outfitters
women,Skinny Flared Jeans,"PKR 5,990-0%","PKR 5,990","PKR 5,990-0%",-0%,"Sizes: 24, 26, 28, 30, 32, 34",https://outfitters.com.pk/collections/women-new-arrivals-view-all/products/f0560-209?variant=44525729677503,https://outfitters.com.pk/cdn/shop/files/F0560209901_6.jpg,Outfitters
women,Faux Leather Jacket With Elasticated Hem,"PKR 15,990-0%","PKR 15,990","PKR 15,990-0%",-0%,"Sizes: XS, S, M, L",https://outfitters.com.pk/collections/women-new-arrivals-view-all/products/f0326-201?variant=44604424421567,https://outfitters.com.pk/cdn/shop/files/F0326201901_3.jpg,Outfitters
women,Faux Leather Jacket With Elasticated Hem,"PKR 15,990-0%","PKR 15,990","PKR 15,990-0%",-0%,"Sizes: XS, S, M, L",https://outfitters.com.pk/collections/women-new-arrivals-view-all/products/f0326-201?variant=44604424290495,https://outfitters.com.pk/cdn/shop/files/F0326201203_5_copy.jpg,Outfitters
women,Basic Raglan T-Shirt,"PKR 3,090-0%","PKR 3,090","PKR 3,090-0%",-0%,"Sizes: S, M, L",https://outfitters.com.pk/collections/women-new-arrivals-view-all/products/f1089-206?variant=44494082834623,https://outfitters.com.pk/cdn/shop/files/F1089206815_9.jpg,Outfitters
women,Super Cropped Buttoned Tank Top,"PKR 2,290-0%","PKR 2,290","PKR 2,290-0%",-0%,"Sizes: S, M, L",https://outfitters.com.pk/collections/women-new-arrivals-view-all/products/f1130-206?variant=44496231268543,https://outfitters.com.pk/cdn/shop/files/F1130206901_4.jpg,Outfitters
women,Super Cropped Buttoned Tank Top,"PKR 2,290-0%","PKR 2,290","PKR 2,290-0%",-0%,"Sizes: S, M, L",https://outfitters.com.pk/collections/women-new-arrivals-view-all/products/f1130-206?variant=44496231170239,https://outfitters.com.pk/cdn/shop/files/F1130206126_4_copy.jpg,Outfitters
women,Basic Mock Neck T-shirt,"PKR 3,090-0%","PKR 3,090","PKR 3,090-0%",-0%,"Sizes: XS-S, M-L",https://outfitters.com.pk/collections/women-new-arrivals-view-all/products/f1100-206?variant=44494083358911,https://outfitters.com.pk/cdn/shop/files/F1100206704_3.jpg,Outfitters
women,Basic Mock Neck T-shirt,"PKR 3,090-0%","PKR 3,090","PKR 3,090-0%",-0%,"Sizes: XS-S, M-L",https://outfitters.com.pk/collections/women-new-arrivals-view-all/products/f1100-206?variant=44494083195071,https://outfitters.com.pk/cdn/shop/files/F1100206003_5.jpg,Outfitters
women,Basic V-neck T-shirt,"PKR 1,890-0%","PKR 1,890","PKR 1,890-0%",-0%,"Sizes: S, M, L",https://outfitters.com.pk/collections/women-new-arrivals-view-all/products/f1127-206?variant=44494083457215,https://outfitters.com.pk/cdn/shop/files/F1127206807_5.jpg,Outfitters
women,Basic V-neck T-shirt,"PKR 1,890-0%","PKR 1,890","PKR 1,890-0%",-0%,"Sizes: S, M, L",https://outfitters.com.pk/collections/women-new-arrivals-view-all/products/f1127-206?variant=44494083555519,https://outfitters.com.pk/cdn/shop/files/F1127206901_3.jpg,Outfitters
women,Basic T- Shirt,"PKR 2,890-0%","PKR 2,890","PKR 2,890-0%",-0%,"Sizes: S, M, L",https://outfitters.com.pk/collections/women-new-arrivals-view-all/products/f1135-206?variant=44365372620991,https://outfitters.com.pk/cdn/shop/files/F1135206626_3.jpg,Outfitters
women,Basic T- Shirt,"PKR 2,890-0%","PKR 2,890","PKR 2,890-0%",-0%,"Sizes: S, M, L",https://outfitters.com.pk/collections/women-new-arrivals-view-all/products/f1135-206?variant=44365372719295,https://outfitters.com.pk/cdn/shop/files/F1135206810_2.jpg,Outfitters
women,Mock Neck Tank Top,"PKR 1,890-0%","PKR 1,890","PKR 1,890-0%",-0%,"Sizes: S, M, L",https://outfitters.com.pk/collections/women-new-arrivals-view-all/products/f1062-206?variant=44439978311871,https://outfitters.com.pk/cdn/shop/files/F1062206915_3.jpg,Outfitters
women,Mock Neck Tank Top,"PKR 1,890-0%","PKR 1,890","PKR 1,890-0%",-0%,"Sizes: L, M, S",https://outfitters.com.pk/collections/women-new-arrivals-view-all/products/f1062-206?variant=44496441442495,https://outfitters.com.pk/cdn/shop/files/F1062206002_2.jpg,Outfitters
women,Graphic T-shirt,"PKR 2,290-0%","PKR 2,290","PKR 2,290-0%",-0%,"Sizes: s, m, l",https://outfitters.com.pk/collections/women-new-arrivals-view-all/products/f1115-206?variant=44496228221119,https://outfitters.com.pk/cdn/shop/files/F1115206527_4.jpg,Outfitters
women,Wide Leg Trousers,"PKR 5,990-0%","PKR 5,990","PKR 5,990-0%",-0%,"Sizes: 24, 26, 28, 30, 32, 34",https://outfitters.com.pk/collections/women-new-arrivals-view-all/products/f0536-208?variant=44525726597311,https://outfitters.com.pk/cdn/shop/files/F0536208801_5_copy.jpg,Outfitters
women,Wide Leg Trousers,"PKR 5,990-0%","PKR 5,990","PKR 5,990-0%",-0%,"Sizes: 24, 26, 28, 30, 32, 34",https://outfitters.com.pk/collections/women-new-arrivals-view-all/products/f0536-208?variant=44525726400703,https://outfitters.com.pk/cdn/shop/files/F0536208002_6_copy.jpg,Outfitters
women,Slogan Print Sweatshirt,"PKR 4,990-0%","PKR 4,990","PKR 4,990-0%",-0%,"Sizes: s, m, l",https://outfitters.com.pk/collections/women-new-arrivals-view-all/products/f0263-207?variant=44525714014399,https://outfitters.com.pk/cdn/shop/files/F0263207915_1a5bf118-48de-456f-bf91-8c19f09e1483.jpg,Outfitters
women,Cropped Tank Top With Scoop Neck,"PKR 1,290-0%","PKR 1,290","PKR 1,290-0%",-0%,"Sizes: S, M, L",https://outfitters.com.pk/collections/women-new-arrivals-view-all/products/f0961-206?variant=44020475560127,https://outfitters.com.pk/cdn/shop/files/F0961206002_2.jpg,Outfitters
women,Cropped Tank Top With Scoop Neck,"PKR 1,290-0%","PKR 1,290","PKR 1,290-0%",-0%,"Sizes: S, M, L",https://outfitters.com.pk/collections/women-new-arrivals-view-all/products/f0961-206?variant=44020475691199,https://outfitters.com.pk/cdn/shop/files/F0961206901_4.jpg,Outfitters
women,Wide Leg With Turned Up Hem,"PKR 5,490-0%","PKR 5,490","PKR 5,490-0%",-0%,"Sizes: 24, 26, 28, 30, 32, 34",https://outfitters.com.pk/collections/women-new-arrivals-view-all/products/f0540-209?variant=44496200958143,https://outfitters.com.pk/cdn/shop/files/F0540209618_4_copy.jpg,Outfitters
women,Basic Boxy T-shirt,"PKR 2,290-0%","PKR 2,290","PKR 2,290-0%",-0%,"Sizes: S, M, L",https://outfitters.com.pk/collections/women-new-arrivals-view-all/products/f1066-206?variant=44494082408639,https://outfitters.com.pk/cdn/shop/files/F1066206619_3.jpg,Outfitters
women,Basic Boxy T-shirt,"PKR 2,290-0%","PKR 2,290","PKR 2,290-0%",-0%,"Sizes: S, M, L",https://outfitters.com.pk/collections/women-new-arrivals-view-all/products/f1066-206?variant=44494082506943,https://outfitters.com.pk/cdn/shop/files/F1066206815_3.jpg,Outfitters
women,Textured T-shirt,"PKR 2,290-0%","PKR 2,290","PKR 2,290-0%",-0%,"Sizes: S, M, L",https://outfitters.com.pk/collections/women-new-arrivals-view-all/products/f1099-206?variant=44494082932927,https://outfitters.com.pk/cdn/shop/files/F1099206527_3.jpg,Outfitters
women,Textured T-shirt,"PKR 2,290-0%","PKR 2,290","PKR 2,290-0%",-0%,"Sizes: S, M, L",https://outfitters.com.pk/collections/women-new-arrivals-view-all/products/f1099-206?variant=44494083031231,https://outfitters.com.pk/cdn/shop/files/F1099206621_3.jpg,Outfitters
women,Embroidered Quarter Zipper Sweatshirt,"PKR 6,990-0%","PKR 6,990","PKR 6,990-0%",-0%,"Sizes: s, m, l",https://outfitters.com.pk/collections/women-new-arrivals-view-all/products/f0256-207?variant=44616590786751,https://outfitters.com.pk/cdn/shop/files/F0256207621_3_copy.jpg,Outfitters
women,Activewear Flared Tights,"PKR 3,990-0%","PKR 3,990","PKR 3,990-0%",-0%,"Sizes: xs, s, m, l",https://outfitters.com.pk/collections/women-new-arrivals-view-all/products/f0163-225?variant=44576939507903,https://outfitters.com.pk/cdn/shop/files/F0163225901_3.jpg,Outfitters
women,Wide Leg Trousers With Piping Detail,"PKR 5,490-0%","PKR 5,490","PKR 5,490-0%",-0%,"Sizes: xs, s, m, l",https://outfitters.com.pk/collections/women-new-arrivals-view-all/products/f0142-225?variant=44588328485055,https://outfitters.com.pk/cdn/shop/files/F0142225718_4_copy.jpg,Outfitters
women,Super Cropped Scoop Neck Tank-Top,"PKR 1,690-0%","PKR 1,690","PKR 1,690-0%",-0%,"Sizes: s, m, l",https://outfitters.com.pk/collections/women-new-arrivals-view-all/products/f1083-206?variant=44546373288127,https://outfitters.com.pk/cdn/shop/files/F1083206901_4.jpg,Outfitters
women,Barrel Fit Jeans,"PKR 5,490-0%","PKR 5,490","PKR 5,490-0%",-0%,"Sizes: 24, 26, 28, 30, 32, 34",https://outfitters.com.pk/collections/women-new-arrivals-view-all/products/f0542-209?variant=44604426387647,https://outfitters.com.pk/cdn/shop/files/F0542209618_19_copy.jpg,Outfitters
women,Wide Leg Trouser With Lace Detail,"PKR 5,990-0%","PKR 5,990","PKR 5,990-0%",-0%,"Sizes: XS, S, M, L",https://outfitters.com.pk/collections/women-new-arrivals-view-all/products/f0489-208?variant=44576965787839,https://outfitters.com.pk/cdn/shop/files/F0489208621_3_copy.jpg,Outfitters
women,Wide Leg Trouser With Lace Detail,"PKR 5,990-0%","PKR 5,990","PKR 5,990-0%",-0%,"Sizes: XS, S, M, L",https://outfitters.com.pk/collections/women-new-arrivals-view-all/products/f0489-208?variant=44576965656767,https://outfitters.com.pk/cdn/shop/files/F0489208403_3_copy.jpg,Outfitters
women,Wide Leg Embroidered Trousers,"PKR 6,990-0%","PKR 6,990","PKR 6,990-0%",-0%,"Sizes: xs, s, m, l",https://outfitters.com.pk/collections/women-new-arrivals-view-all/products/f0303-208?variant=44588338315455,https://outfitters.com.pk/cdn/shop/files/F0303208629_4.jpg,Outfitters
women,Activewear Jogger Trousers,"PKR 5,490-0%","PKR 5,490","PKR 5,490-0%",-0%,"Sizes: XS, S, M, L",https://outfitters.com.pk/collections/women-new-arrivals-view-all/products/f0161-225?variant=44588328911039,https://outfitters.com.pk/cdn/shop/files/F0161225802_3.jpg,Outfitters
women,Pleated Wide Leg  Trousers,"PKR 5,990-0%","PKR 5,990","PKR 5,990-0%",-0%,"Sizes: XS, S, M, L",https://outfitters.com.pk/collections/women-new-arrivals-view-all/products/f0515-208?variant=44569106055359,https://outfitters.com.pk/cdn/shop/files/F0515208008_4_435a4009-4581-4217-a0e5-f7412891935b.jpg,Outfitters
women,Pleated Wide Leg  Trousers,"PKR 5,990-0%","PKR 5,990","PKR 5,990-0%",-0%,"Sizes: XS, S, M, L",https://outfitters.com.pk/collections/women-new-arrivals-view-all/products/f0515-208?variant=44569106186431,https://outfitters.com.pk/cdn/shop/files/F0515208909_5_copy.jpg,Outfitters
women,Faux Leather Biker Jacket,"PKR 15,990-0%","PKR 15,990","PKR 15,990-0%",-0%,"Sizes: xs, s, m, l",https://outfitters.com.pk/collections/women-new-arrivals-view-all/products/f0325-201?variant=44604424159423,https://outfitters.com.pk/cdn/shop/files/F0325201901_4_copy.jpg,Outfitters
women,Pack of 3 Socks,PKR 690-0%,PKR 690,PKR 690-0%,-0%,"Sizes: 36-38, 39-41",https://outfitters.com.pk/collections/women-new-arrivals-view-all/products/f0098-219?variant=44047844671679,https://outfitters.com.pk/cdn/shop/files/F0098219999_5.jpg,Outfitters
women,Wide Leg Jeans,"PKR 4,990-0%","PKR 4,990","PKR 4,990-0%",-0%,"Sizes: 24, 26, 28, 30, 32, 34",https://outfitters.com.pk/collections/women-new-arrivals-view-all/products/f0462-209?variant=44494110621887,https://outfitters.com.pk/cdn/shop/files/F0462209625_4_copy.jpg,Outfitters
women,Wide Leg Jeans,"PKR 4,990-0%","PKR 4,990","PKR 4,990-0%",-0%,"Sizes: 24, 26, 28, 30, 32, 34",https://outfitters.com.pk/collections/women-new-arrivals-view-all/products/f0462-209?variant=44494110818495,https://outfitters.com.pk/cdn/shop/files/F0462209630_4.jpg,Outfitters
women,Wide Leg Jeans,"PKR 4,990-0%","PKR 4,990","PKR 4,990-0%",-0%,"Sizes: 24, 26, 28, 30, 32, 34",https://outfitters.com.pk/collections/women-new-arrivals-view-all/products/f0462-209?variant=44494111015103,https://outfitters.com.pk/cdn/shop/files/F0462209622_5.jpg,Outfitters
women,Breeze Bomb Body Mist,PKR 990-0%,PKR 990,PKR 990-0%,-0%,Sizes: free,https://outfitters.com.pk/collections/women-new-arrivals-view-all/products/f0124-224?variant=44498503991487,https://outfitters.com.pk/cdn/shop/files/F0124224998_4.jpg,Outfitters
women,Citrus Rush Body Mist,PKR 990-0%,PKR 990,PKR 990-0%,-0%,Sizes: free,https://outfitters.com.pk/collections/women-new-arrivals-view-all/products/f0126-224?variant=44498504057023,https://outfitters.com.pk/cdn/shop/files/F0126224998_8.jpg,Outfitters
women,Striped Linen Blend Shirt,"PKR 3,690-0%","PKR 3,690","PKR 3,690-0%",-0%,"Sizes: xs, s, m, l",https://outfitters.com.pk/collections/women-new-arrivals-view-all/products/f0128-203-a?variant=44572345303231,https://outfitters.com.pk/cdn/shop/files/F0128203630_4.jpg,Outfitters
women,Tapered High-Waist Jeans,"PKR 5,490-0%","PKR 5,490","PKR 5,490-0%",-0%,"Sizes: 24, 26, 28, 30, 32, 34",https://outfitters.com.pk/collections/women-new-arrivals-view-all/products/f0531-209?variant=44496199254207,https://outfitters.com.pk/cdn/shop/files/F0531209630LOWER_c8888a99-f5e7-4702-881d-ca4d3b17d525.jpg,Outfitters
women,Cropped Pointelle Detail Sweater,"PKR 5,990-0%","PKR 5,990","PKR 5,990-0%",-0%,"Sizes: XS, S, M, L",https://outfitters.com.pk/collections/women-new-arrivals-view-all/products/f0176-202?variant=44498504188095,https://outfitters.com.pk/cdn/shop/files/F0176202331_47e92687-f9f5-4ff9-816a-4e168651eae2.jpg,Outfitters
women,Cropped Pointelle Detail Sweater,"PKR 5,990-0%","PKR 5,990","PKR 5,990-0%",-0%,"Sizes: XS, S, M, L",https://outfitters.com.pk/collections/women-new-arrivals-view-all/products/f0176-202?variant=44498504319167,https://outfitters.com.pk/cdn/shop/files/F0176202802_2.jpg,Outfitters
women,Cropped Cable Knit Polo Neck Sweater,"PKR 5,990-0%","PKR 5,990","PKR 5,990-0%",-0%,"Sizes: XS, S, M, L",https://outfitters.com.pk/collections/women-new-arrivals-view-all/products/f0183-202?variant=44496148168895,https://outfitters.com.pk/cdn/shop/files/F0183202619_5_copy.jpg,Outfitters
women,Cropped Cable Knit Polo Neck Sweater,"PKR 5,990-0%","PKR 5,990","PKR 5,990-0%",-0%,"Sizes: XS, S, M, L",https://outfitters.com.pk/collections/women-new-arrivals-view-all/products/f0183-202?variant=44496148299967,https://outfitters.com.pk/cdn/shop/files/F0183202706_5_copy.jpg,Outfitters
women,Basic T-Shirt,"PKR 1,890-0%","PKR 1,890","PKR 1,890-0%",-0%,"Sizes: S, M, L",https://outfitters.com.pk/collections/women-new-arrivals-view-all/products/f0970-206?variant=44365412335807,https://outfitters.com.pk/cdn/shop/files/F0970206915_3.jpg,Outfitters
women,Basic T-Shirt,"PKR 1,890-0%","PKR 1,890","PKR 1,890-0%",-0%,"Sizes: S, M, L",https://outfitters.com.pk/collections/women-new-arrivals-view-all/products/f0970-206?variant=43997235839167,https://outfitters.com.pk/cdn/shop/files/F0970206901_4_copy.jpg,Outfitters
women,Basic T-Shirt,"PKR 1,890-0%","PKR 1,890","PKR 1,890-0%",-0%,"Sizes: S, M, L",https://outfitters.com.pk/collections/women-new-arrivals-view-all/products/f0970-206?variant=44365412237503,https://outfitters.com.pk/cdn/shop/files/F0970206523_3.jpg,Outfitters
women,Super Cropped Tank Top,"PKR 1,690-0%","PKR 1,690","PKR 1,690-0%",-0%,"Sizes: S, M, L",https://outfitters.com.pk/collections/women-new-arrivals-view-all/products/f0962-206?variant=44024427053247,https://outfitters.com.pk/cdn/shop/files/F0962206901_2.jpg,Outfitters
women,Super Cropped Tank Top,"PKR 1,690-0%","PKR 1,690","PKR 1,690-0%",-0%,"Sizes: S, M, L",https://outfitters.com.pk/collections/women-new-arrivals-view-all/products/f0962-206?variant=44182695477439,https://outfitters.com.pk/cdn/shop/files/F0962206814_3_2f547881-f48c-42d1-ad74-4dda0213ec0d.jpg,Outfitters
women,Sleeveless Ribbed Sweater,"PKR 5,490-0%","PKR 5,490","PKR 5,490-0%",-0%,"Sizes: XS, S, M, L",https://outfitters.com.pk/collections/women-new-arrivals-view-all/products/f0190-202?variant=44525710540991,https://outfitters.com.pk/cdn/shop/files/F0190202802_4.jpg,Outfitters
women,Sleeveless Ribbed Sweater,"PKR 5,490-0%","PKR 5,490","PKR 5,490-0%",-0%,"Sizes: XS, S, M, L",https://outfitters.com.pk/collections/women-new-arrivals-view-all/products/f0190-202?variant=44525710409919,https://outfitters.com.pk/cdn/shop/files/F0190202126_5.jpg,Outfitters
women,Pointelle T-Shirt,"PKR 2,890-0%","PKR 2,890","PKR 2,890-0%",-0%,"Sizes: S, M, L",https://outfitters.com.pk/collections/women-new-arrivals-view-all/products/f1133-206?variant=44496231694527,https://outfitters.com.pk/cdn/shop/files/F1133206425_3.jpg,Outfitters
women,Super Wide Leg Trousers,"PKR 5,990-0%","PKR 5,990","PKR 5,990-0%",-0%,"Sizes: XS, S, M, L",https://outfitters.com.pk/collections/women-new-arrivals-view-all/products/f0550-208?variant=44496204693695,https://outfitters.com.pk/cdn/shop/files/F0550208915_3.jpg,Outfitters
women,Super Wide Leg Trousers,"PKR 5,990-0%","PKR 5,990","PKR 5,990-0%",-0%,"Sizes: XS, S, M, L",https://outfitters.com.pk/collections/women-new-arrivals-view-all/products/f0550-208?variant=44496204431551,https://outfitters.com.pk/cdn/shop/files/F0550208814_3_copy.jpg,Outfitters
women,Super Wide Leg Trousers,"PKR 5,990-0%","PKR 5,990","PKR 5,990-0%",-0%,"Sizes: XS, S, M, L
                                  - Sold Out",https://outfitters.com.pk/collections/women-new-arrivals-view-all/products/f0550-208?variant=44496204562623,https://outfitters.com.pk/cdn/shop/files/F0550208901_5.jpg,Outfitters
women,Low-Rise Straight Fit,"PKR 5,990-0%","PKR 5,990","PKR 5,990-0%",-0%,"Sizes: 24, 26, 28, 30, 32, 34",https://outfitters.com.pk/collections/women-new-arrivals-view-all/products/f0550-209?variant=44525728825535,https://outfitters.com.pk/cdn/shop/files/F0550209904_5.jpg,Outfitters
women,Graphic T-Shirt,"PKR 2,290-0%","PKR 2,290","PKR 2,290-0%",-0%,"Sizes: s, m, l",https://outfitters.com.pk/collections/women-new-arrivals-view-all/products/f1102-206?variant=44496226877631,https://outfitters.com.pk/cdn/shop/files/F1102206901_4.jpg,Outfitters
women,Sleeveless Striped Sweater,"PKR 5,490-0%","PKR 5,490","PKR 5,490-0%",-0%,"Sizes: xs, s, m, l",https://outfitters.com.pk/collections/women-new-arrivals-view-all/products/f0189-202?variant=44525710278847,https://outfitters.com.pk/cdn/shop/files/F0189202008_4.jpg,Outfitters
women,Striped Embroidered Shirt,"PKR 4,490-0%","PKR 4,490","PKR 4,490-0%",-0%,"Sizes: xs-s, m-l",https://outfitters.com.pk/collections/women-new-arrivals-view-all/products/f0777-203?variant=44569107169471,https://outfitters.com.pk/cdn/shop/files/F0777203006_4.jpg,Outfitters
women,Basic Sweater With Visible Seams,"PKR 6,490-0%","PKR 6,490","PKR 6,490-0%",-0%,"Sizes: XS, S, M, L",https://outfitters.com.pk/collections/women-new-arrivals-view-all/products/f0168-202?variant=44496142467263,https://outfitters.com.pk/cdn/shop/files/F0168202306_4.jpg,Outfitters
women,Basic Sweater With Visible Seams,"PKR 6,490-0%","PKR 6,490","PKR 6,490-0%",-0%,"Sizes: XS, S, M, L",https://outfitters.com.pk/collections/women-new-arrivals-view-all/products/f0168-202?variant=44496142598335,https://outfitters.com.pk/cdn/shop/files/F0168202907_5.jpg,Outfitters
women,Embriodered Sweater,"PKR 7,490-0%","PKR 7,490","PKR 7,490-0%",-0%,"Sizes: xs, s, m, l",https://outfitters.com.pk/collections/women-new-arrivals-view-all/products/f0163-202?variant=44496139288767,https://outfitters.com.pk/cdn/shop/files/F0163202901_5.jpg,Outfitters
women,Basic V-neck Shirt,"PKR 5,490-0%","PKR 5,490","PKR 5,490-0%",-0%,"Sizes: XS-S, M-L",https://outfitters.com.pk/collections/women-new-arrivals-view-all/products/f0849-203?variant=44546371584191,https://outfitters.com.pk/cdn/shop/files/F0849203901_3.jpg,Outfitters
women,Basic V-neck Shirt,"PKR 5,490-0%","PKR 5,490","PKR 5,490-0%",-0%,"Sizes: XS-S, M-L",https://outfitters.com.pk/collections/women-new-arrivals-view-all/products/f0849-203?variant=44546371518655,https://outfitters.com.pk/cdn/shop/files/F0849203001_7.jpg,Outfitters
women,Wide Leg Pants,"PKR 4,990-0%","PKR 4,990","PKR 4,990-0%",-0%,"Sizes: 24, 26, 28, 30, 32, 34",https://outfitters.com.pk/collections/women-new-arrivals-view-all/products/f0402-208?variant=44009175679167,https://outfitters.com.pk/cdn/shop/files/F0402208007_5_copy.jpg,Outfitters
women,Wide Leg Pants,"PKR 4,990-0%","PKR 4,990","PKR 4,990-0%",-0%,"Sizes: 24, 26, 28, 30, 32, 34",https://outfitters.com.pk/collections/women-new-arrivals-view-all/products/f0402-208?variant=44009175482559,https://outfitters.com.pk/cdn/shop/files/F0402208002_5_copy.jpg,Outfitters
women,Wide Leg Pants,"PKR 4,990-0%","PKR 4,990","PKR 4,990-0%",-0%,"Sizes: 24, 26, 28, 30, 32, 34",https://outfitters.com.pk/collections/women-new-arrivals-view-all/products/f0402-208?variant=44009175875775,https://outfitters.com.pk/cdn/shop/files/F0402208901_5_copy2.jpg,Outfitters
women,Basic Super Cropped T-Shirt,"PKR 2,290-0%","PKR 2,290","PKR 2,290-0%",-0%,"Sizes: S, M, L",https://outfitters.com.pk/collections/women-new-arrivals-view-all/products/f0973-206?variant=44182695674047,https://outfitters.com.pk/cdn/shop/files/F0973206903_5.jpg,Outfitters
women,Basic Super Cropped T-Shirt,"PKR 2,290-0%","PKR 2,290","PKR 2,290-0%",-0%,"Sizes: S, M, L",https://outfitters.com.pk/collections/women-new-arrivals-view-all/products/f0973-206?variant=44182695575743,https://outfitters.com.pk/cdn/shop/files/F0973206006_3_f0847f5f-a935-46ac-b068-9140e8ebf7ed.jpg,Outfitters
women,Cropped Cable Knit Sweater,"PKR 5,990-0%","PKR 5,990","PKR 5,990-0%",-0%,"Sizes: XS, S, M, L",https://outfitters.com.pk/collections/women-new-arrivals-view-all/products/f0166-202?variant=44525707165887,https://outfitters.com.pk/cdn/shop/files/F0166202909_4.jpg,Outfitters
women,Cropped Sweater With Neck Buttons,"PKR 6,490-0%","PKR 6,490","PKR 6,490-0%",-0%,"Sizes: XS, S, M, L",https://outfitters.com.pk/collections/women-new-arrivals-view-all/products/f0177-202?variant=44496147579071,https://outfitters.com.pk/cdn/shop/files/F0177202901_53f2929a-8210-4e86-ad2f-011e68b73f36.jpg,Outfitters
women,Mock Neck T-Shirt,"PKR 2,090-0%","PKR 2,090","PKR 2,090-0%",-0%,"Sizes: S, M, L",https://outfitters.com.pk/collections/women-new-arrivals-view-all/products/f0971-206?variant=44365412434111,https://outfitters.com.pk/cdn/shop/files/F0971206808_4.jpg,Outfitters
women,Mock Neck T-Shirt,"PKR 2,090-0%","PKR 2,090","PKR 2,090-0%",-0%,"Sizes: S, M, L",https://outfitters.com.pk/collections/women-new-arrivals-view-all/products/f0971-206?variant=44365412532415,https://outfitters.com.pk/cdn/shop/files/F0971206903_3.jpg,Outfitters
women,Flared Trousers,"PKR 3,690-0%","PKR 3,690","PKR 3,690-0%",-0%,"Sizes: XS, S, M, L
                                  - Sold Out",https://outfitters.com.pk/collections/women-new-arrivals-view-all/products/f0399-208?variant=44009175449791,https://outfitters.com.pk/cdn/shop/files/F0399208901_10_copy.jpg,Outfitters
women,Flared Trousers,"PKR 3,690-0%","PKR 3,690","PKR 3,690-0%",-0%,"Sizes: L, M, S, XS",https://outfitters.com.pk/collections/women-new-arrivals-view-all/products/f0399-208?variant=44390333186239,https://outfitters.com.pk/cdn/shop/files/F0399208801_3_copy.jpg,Outfitters
women,Basic Ribbed-Jersey Midi Dress,"PKR 3,990-0%","PKR 3,990","PKR 3,990-0%",-0%,"Sizes: xs, s, m, l",https://outfitters.com.pk/collections/women-new-arrivals-view-all/products/f0206-204?variant=44496151249087,https://outfitters.com.pk/cdn/shop/files/F0206204802_5_copy.jpg,Outfitters
women,Graphic T-Shirt,"PKR 2,090-0%","PKR 2,090","PKR 2,090-0%",-0%,"Sizes: s, m, l",https://outfitters.com.pk/collections/women-new-arrivals-view-all/products/f1111-206?variant=44496227238079,https://outfitters.com.pk/cdn/shop/files/F1111206814_6.jpg,Outfitters
women,Basic Cropped Textured T-Shirt,"PKR 1,890-0%","PKR 1,890","PKR 1,890-0%",-0%,"Sizes: S, M, L",https://outfitters.com.pk/collections/women-new-arrivals-view-all/products/f0972-206?variant=44494112850111,https://outfitters.com.pk/cdn/shop/files/F0972206619_3.jpg,Outfitters
women,Basic Cropped Textured T-Shirt,"PKR 1,890-0%","PKR 1,890","PKR 1,890-0%",-0%,"Sizes: S, M, L",https://outfitters.com.pk/collections/women-new-arrivals-view-all/products/f0972-206?variant=44494112686271,https://outfitters.com.pk/cdn/shop/files/F0972206512_3.jpg,Outfitters
women,Wide Leg Trousers,"PKR 3,990-0%","PKR 3,990","PKR 3,990-0%",-0%,"Sizes: XS, S, M, L",https://outfitters.com.pk/collections/women-new-arrivals-view-all/products/f0398-208?variant=43997123608767,https://outfitters.com.pk/cdn/shop/files/F0398208006_4_copy.jpg,Outfitters
women,Wide Leg Trousers,"PKR 3,990-0%","PKR 3,990","PKR 3,990-0%",-0%,"Sizes: XS, S, M, L
                                  - Sold Out",https://outfitters.com.pk/collections/women-new-arrivals-view-all/products/f0398-208?variant=43997123772607,https://outfitters.com.pk/cdn/shop/files/F0398208901_4_copy2.jpg,Outfitters
women,Wide Leg Trousers,"PKR 3,990-0%","PKR 3,990","PKR 3,990-0%",-0%,"Sizes: L, M, S, XS",https://outfitters.com.pk/collections/women-new-arrivals-view-all/products/f0398-208?variant=44486872236223,https://outfitters.com.pk/cdn/shop/files/F0398208815_5_copy.jpg,Outfitters
women,Super Wide Leg Trousers,"PKR 4,990-0%","PKR 4,990","PKR 4,990-0%",-0%,"Sizes: XS, S, M, L",https://outfitters.com.pk/collections/women-new-arrivals-view-all/products/f0484-208?variant=44496196927679,https://outfitters.com.pk/cdn/shop/files/F0484208523LOWER_8585a6cd-354b-4866-978a-29d37c13877a.jpg,Outfitters
women,Super Wide Leg Trousers,"PKR 4,990-0%","PKR 4,990","PKR 4,990-0%",-0%,"Sizes: XS, S, M, L",https://outfitters.com.pk/collections/women-new-arrivals-view-all/products/f0484-208?variant=44496197058751,https://outfitters.com.pk/cdn/shop/files/F0484208627_4_copy.jpg,Outfitters
women,Slogan T-Shirt,"PKR 2,290-0%","PKR 2,290","PKR 2,290-0%",-0%,"Sizes: s, m, l",https://outfitters.com.pk/collections/women-new-arrivals-view-all/products/f1110-206?variant=44496227139775,https://outfitters.com.pk/cdn/shop/files/F1110206006_3.jpg,Outfitters
women,Graphic T-Shirt,"PKR 2,890-0%","PKR 2,890","PKR 2,890-0%",-0%,"Sizes: s, m, l",https://outfitters.com.pk/collections/women-new-arrivals-view-all/products/f1113-206?variant=44496227434687,https://outfitters.com.pk/cdn/shop/files/F1113206827_6.jpg,Outfitters
women,Slogan T-shirt,"PKR 2,290-0%","PKR 2,290","PKR 2,290-0%",-0%,"Sizes: s, m, l",https://outfitters.com.pk/collections/women-new-arrivals-view-all/products/f1112-206?variant=44496227336383,https://outfitters.com.pk/cdn/shop/files/F1112206008_3.jpg,Outfitters
women,Extreme Wide Leg Trousers,"PKR 5,490-0%","PKR 5,490","PKR 5,490-0%",-0%,"Sizes: XS, S, M, L
                                  - Sold Out",https://outfitters.com.pk/collections/women-new-arrivals-view-all/products/f0341-208?variant=44410988495039,https://outfitters.com.pk/cdn/shop/files/F0341208002_3_copy.jpg,Outfitters
women,Extreme Wide Leg Trousers,"PKR 5,490-0%","PKR 5,490","PKR 5,490-0%",-0%,"Sizes: XS, S, M, L",https://outfitters.com.pk/collections/women-new-arrivals-view-all/products/f0341-208?variant=44410988626111,https://outfitters.com.pk/cdn/shop/files/F0341208618_4.jpg,Outfitters
women,Baggy Jeans,"PKR 5,490-0%","PKR 5,490","PKR 5,490-0%",-0%,"Sizes: 24, 26, 28, 30, 32, 34",https://outfitters.com.pk/collections/women-new-arrivals-view-all/products/f0555-209?variant=44496205873343,https://outfitters.com.pk/cdn/shop/files/F0555209904_6.jpg,Outfitters
women,Basic Quarter Zipper Sweatshirt,"PKR 4,490-0%","PKR 4,490","PKR 4,490-0%",-0%,"Sizes: S, M, L",https://outfitters.com.pk/collections/women-new-arrivals-view-all/products/f0227-207?variant=44525712638143,https://outfitters.com.pk/cdn/shop/files/F0227207815_5.jpg,Outfitters
women,Basic Quarter Zipper Sweatshirt,"PKR 4,490-0%","PKR 4,490","PKR 4,490-0%",-0%,"Sizes: S, M, L",https://outfitters.com.pk/collections/women-new-arrivals-view-all/products/f0227-207?variant=44525712736447,https://outfitters.com.pk/cdn/shop/files/F0227207916_3.jpg,Outfitters
women,Loose Cargo Jogger Trousers,"PKR 5,990-0%","PKR 5,990","PKR 5,990-0%",-0%,"Sizes: XS, S, M, L",https://outfitters.com.pk/collections/women-new-arrivals-view-all/products/f0475-208?variant=44496195584191,https://outfitters.com.pk/cdn/shop/files/F0475208814_3.jpg,Outfitters
women,Loose Cargo Jogger Trousers,"PKR 5,990-0%","PKR 5,990","PKR 5,990-0%",-0%,"Sizes: XS, S, M, L",https://outfitters.com.pk/collections/women-new-arrivals-view-all/products/f0475-208?variant=44496195715263,https://outfitters.com.pk/cdn/shop/files/F0475208903_4.jpg,Outfitters
women,Super Wide Leg Trousers,"PKR 5,990-0%","PKR 5,990","PKR 5,990-0%",-0%,"Sizes: XS, S, M, L",https://outfitters.com.pk/collections/women-new-arrivals-view-all/products/f0488-208?variant=44496197353663,https://outfitters.com.pk/cdn/shop/files/F0488208817_3.jpg,Outfitters
women,Super Wide Leg Trousers,"PKR 5,990-0%","PKR 5,990","PKR 5,990-0%",-0%,"Sizes: XS, S, M, L",https://outfitters.com.pk/collections/women-new-arrivals-view-all/products/f0488-208?variant=44496197222591,https://outfitters.com.pk/cdn/shop/files/F0488208807_5_copy.jpg,Outfitters
women,Loose Jogger Trousers,"PKR 5,990-0%","PKR 5,990","PKR 5,990-0%",-0%,"Sizes: XS, S, M, L",https://outfitters.com.pk/collections/women-new-arrivals-view-all/products/f0479-208?variant=44496196141247,https://outfitters.com.pk/cdn/shop/files/F0479208704_3_copy.jpg,Outfitters
women,Loose Jogger Trousers,"PKR 5,990-0%","PKR 5,990","PKR 5,990-0%",-0%,"Sizes: XS, S, M, L",https://outfitters.com.pk/collections/women-new-arrivals-view-all/products/f0479-208?variant=44496196272319,https://outfitters.com.pk/cdn/shop/files/F0479208814_5.jpg,Outfitters
women,Balloon Trousers,"PKR 5,490-0%","PKR 5,490","PKR 5,490-0%",-0%,"Sizes: xs, s, m, l",https://outfitters.com.pk/collections/women-new-arrivals-view-all/products/f0480-208?variant=44496196403391,https://outfitters.com.pk/cdn/shop/files/F0480208816LOWER..jpg,Outfitters
women,Barrel Leg Pants,"PKR 4,990-0%","PKR 4,990","PKR 4,990-0%",-0%,"Sizes: XS, S, M, L",https://outfitters.com.pk/collections/women-new-arrivals-view-all/products/f0481-208?variant=44496196632767,https://outfitters.com.pk/cdn/shop/files/F0481208006_3.jpg,Outfitters
women,Barrel Leg Pants,"PKR 4,990-0%","PKR 4,990","PKR 4,990-0%",-0%,"Sizes: XS, S, M, L",https://outfitters.com.pk/collections/women-new-arrivals-view-all/products/f0481-208?variant=44496196763839,https://outfitters.com.pk/cdn/shop/files/F0481208901_3.jpg,Outfitters
women,Cropped Denim zipper Jacket,"PKR 7,990-0%","PKR 7,990","PKR 7,990-0%",-0%,"Sizes: xs, s, m, l",https://outfitters.com.pk/collections/women-new-arrivals-view-all/products/f0203-201?variant=44496150626495,https://outfitters.com.pk/cdn/shop/files/F0203201630_3.jpg,Outfitters
women,Basic Zipper Hoodie,"PKR 4,990-0%","PKR 4,990","PKR 4,990-0%",-0%,"Sizes: S, M, L",https://outfitters.com.pk/collections/women-new-arrivals-view-all/products/f0225-207?variant=44496157769919,https://outfitters.com.pk/cdn/shop/files/F0225207621_3_copy.jpg,Outfitters
women,Basic Zipper Hoodie,"PKR 4,990-0%","PKR 4,990","PKR 4,990-0%",-0%,"Sizes: S, M, L",https://outfitters.com.pk/collections/women-new-arrivals-view-all/products/f0225-207?variant=44496157868223,https://outfitters.com.pk/cdn/shop/files/F0225207802_3_copy.jpg,Outfitters
women,Wide Leg Trousers,"PKR 4,490-0%","PKR 4,490","PKR 4,490-0%",-0%,"Sizes: XS, S, M, L",https://outfitters.com.pk/collections/women-new-arrivals-view-all/products/f0491-208?variant=44496197877951,https://outfitters.com.pk/cdn/shop/files/F0491208807_3_copy.jpg,Outfitters
women,Wide Leg Trousers,"PKR 4,490-0%","PKR 4,490","PKR 4,490-0%",-0%,"Sizes: XS, S, M, L",https://outfitters.com.pk/collections/women-new-arrivals-view-all/products/f0491-208?variant=44496197746879,https://outfitters.com.pk/cdn/shop/files/F0491208619_2_copy.jpg,Outfitters
women,High-Waist Paper Bag Jeans,"PKR 5,990-0%","PKR 5,990","PKR 5,990-0%",-0%,"Sizes: 24, 26, 28, 30, 32, 34",https://outfitters.com.pk/collections/women-new-arrivals-view-all/products/f0529-209?variant=44576965820607,https://outfitters.com.pk/cdn/shop/files/F0529209625_4.jpg,Outfitters
women,Denim Skirt,"PKR 5,990-0%","PKR 5,990","PKR 5,990-0%",-0%,"Sizes: xs
                                          - Sold Out, s, m, l, xl",https://outfitters.com.pk/collections/women-new-arrivals-view-all/products/f0063-211?variant=44576931086527,N/A,Outfitters
women,Pack of 3-Ankle Fit Socks,PKR 790-0%,PKR 790,PKR 790-0%,-0%,"Sizes: 36-38, 39-41",https://outfitters.com.pk/collections/women-new-arrivals-view-all/products/f0139-219?variant=44604421537983,https://outfitters.com.pk/cdn/shop/files/F0139219999_3.jpg,Outfitters
women,Super Cropped Zipper Hoodie,"PKR 5,990-0%","PKR 5,990","PKR 5,990-0%",-0%,"Sizes: S, M, L",https://outfitters.com.pk/collections/women-new-arrivals-view-all/products/f0241-207?variant=44604423241919,https://outfitters.com.pk/cdn/shop/files/F0241207523_3.jpg,Outfitters
women,Cropped Activewear Hoodie,"PKR 6,490-0%","PKR 6,490","PKR 6,490-0%",-0%,"Sizes: xs, s, m, l",https://outfitters.com.pk/collections/women-new-arrivals-view-all/products/f0174-225?variant=44588330746047,https://outfitters.com.pk/cdn/shop/files/F0174225622_4.jpg,Outfitters
women,High-Waisted Straight Trouser,"PKR 5,990-0%","PKR 5,990","PKR 5,990-0%",-0%,"Sizes: 24, 26, 28, 30, 32, 34",https://outfitters.com.pk/collections/women-new-arrivals-view-all/products/f0530-208?variant=44576966475967,https://outfitters.com.pk/cdn/shop/files/F0530208901_3_copy.jpg,Outfitters
women,High-Waisted Straight Trouser,"PKR 5,990-0%","PKR 5,990","PKR 5,990-0%",-0%,"Sizes: 24, 26, 28, 30, 32, 34",https://outfitters.com.pk/collections/women-new-arrivals-view-all/products/f0530-208?variant=44576966279359,https://outfitters.com.pk/cdn/shop/files/F0530208120_4_copy.jpg,Outfitters
women,Slouchy Fit Trouser,"PKR 6,990-0%","PKR 6,990","PKR 6,990-0%",-0%,"Sizes: 24, 26, 28, 30, 32, 34",https://outfitters.com.pk/collections/women-new-arrivals-view-all/products/f0532-208?variant=44576966672575,https://outfitters.com.pk/cdn/shop/files/F0532208114_5.jpg,Outfitters
women,Contrast Striped Wide Leg Trousers,"PKR 5,490-0%","PKR 5,490","PKR 5,490-0%",-0%,"Sizes: xs, s, m, l",https://outfitters.com.pk/collections/women-new-arrivals-view-all/products/f0175-225?variant=44576941310143,https://outfitters.com.pk/cdn/shop/files/F0175225622_3.jpg,Outfitters
women,Basic Loose Jogger Trousers,"PKR 4,490-0%","PKR 4,490","PKR 4,490-0%",-0%,"Sizes: XS, S, M, L",https://outfitters.com.pk/collections/women-new-arrivals-view-all/products/f0474-208?variant=44496195190975,https://outfitters.com.pk/cdn/shop/files/F0474208002_5.jpg,Outfitters
women,Basic Loose Jogger Trousers,"PKR 4,490-0%","PKR 4,490","PKR 4,490-0%",-0%,"Sizes: XS, S, M, L",https://outfitters.com.pk/collections/women-new-arrivals-view-all/products/f0474-208?variant=44496195322047,https://outfitters.com.pk/cdn/shop/files/F0474208007_3_copy.jpg,Outfitters
women,Basic Loose Jogger Trousers,"PKR 4,490-0%","PKR 4,490","PKR 4,490-0%",-0%,"Sizes: XS, S, M, L",https://outfitters.com.pk/collections/women-new-arrivals-view-all/products/f0474-208?variant=44496195453119,https://outfitters.com.pk/cdn/shop/files/F0474208901_7.jpg,Outfitters
women,Notched Lapel Collar Straight Cut Blazer,"PKR 15,990-0%","PKR 15,990","PKR 15,990-0%",-0%,"Sizes: xs, s, m, l",https://outfitters.com.pk/collections/women-new-arrivals-view-all/products/f0340-201?variant=44576955695295,https://outfitters.com.pk/cdn/shop/files/F0340201901_6.jpg,Outfitters
women,Pack Of 3 Ribbed Socks,PKR 690-0%,PKR 690,PKR 690-0%,-0%,"Sizes: 39-42
                                          - Sold Out, 43-46",https://outfitters.com.pk/collections/women-new-arrivals-view-all/products/f0104-219?variant=44251803320511,https://outfitters.com.pk/cdn/shop/files/F0104219999_3.jpg,Outfitters
women,Lime Spark Body Mist,PKR 990-0%,PKR 990,PKR 990-0%,-0%,Sizes: free,https://outfitters.com.pk/collections/women-new-arrivals-view-all/products/f0121-224?variant=44498503893183,https://outfitters.com.pk/cdn/shop/files/F0121224998_3.jpg,Outfitters
